INSERT INTO patient VALUES
    ("PT793304", "Aubrey", "Young", "Lot. 54, Jalan Abdul Rahim Kajai 29/30, Kuala Terengganu, Terengganu", "0184752609", "1973-1-10", "female", "Widowed", "2020-7-6"),
    ("PT092961", "Elijah", "Stewart", "No. 15, Jalan Ledang 5/22, Kapit, Sarawak", "01133808908", "1995-3-5", "male", "Widowed", "2019-8-18"),
    ("PT781238", "Hazel", "Nguyen", "23, Jalan Eaton 21/19, Gua Musang, Kelantan", "01758743586", "1944-1-28", "female", "Married", "2019-11-10"),
    ("PT671712", "Ava", "Turner", "76, Jalan Loke Yew 10/31, Bagan Serai, Perak", "01452328125", "2000-7-12", "female", "Single", "2019-3-28"),
    ("PT142001", "Gianna", "Gomez", "62, Jalan Ritchie 39/21, Yong Peng, Johor", "0179237878", "1957-3-1", "female", "Divorced", "2018-5-12"),
    ("PT898684", "Elijah", "Taylor", "Lot. 7, Jalan Genting Klang 33/20, Kuala Selangor, Selangor", "0133697785", "2001-3-25", "male", "Single", "2019-3-10"),
    ("PT725408", "Luke", "Lavoie", "28, Jalan Mahkamah Tinggi 25/39, Labuan", "0141665611", "1993-10-28", "male", "Single", "2019-10-25"),
    ("PT310604", "Paisley", "Sanders", "Lot. 20, Jalan Thambusamy 42/3, Teluk Bahang, Penang", "01883913482", "2000-5-25", "female", "Single", "2019-2-12"),
    ("PT419770", "Elizabeth", "Morgan", "79, Jalan Tuanku Abdul Halim 48/44, Teluk Intan, Perak", "0189274850", "1996-3-15", "female", "Single", "2018-6-29"),
    ("PT223103", "Liam", "Torres", "36, Jalan Sin Chee 9/38, Labuan", "01391606488", "2011-2-14", "male", "Single", "2018-10-2"),
    ("PT187381", "Madelyn", "Watson", "No. 77, Jalan Wisma Putra 48/26, Taiping, Perak", "01353001204", "2009-11-19", "female", "Single", "2019-6-29"),
    ("PT426888", "Anthony", "Cruz", "Lot. 13, Jalan Bangsar 4/9, Simpang Empat, Perak", "0191633967", "1956-6-7", "male", "Widowed", "2018-2-24"),
    ("PT964730", "John", "Collins", "Lot. 45, Jalan Walter Grenier 18/31, Sibu, Sarawak", "0133673564", "1994-1-22", "male", "Divorced", "2019-12-6"),
    ("PT482729", "Penelope", "Phillips", "Lot. 33, Jalan Dewan Bahasa 37/27, Kuang, Selangor", "0130329928", "1999-1-20", "female", "Single", "2018-8-11"),
    ("PT190388", "Ethan", "Edwards", "No. 60, Jalan Dewan Sultan Sulaiman 41/44, Pulau Sebang, Malacca", "01899147676", "1951-10-14", "male", "Widowed", "2018-10-19"),
    ("PT853394", "Amelia", "Morales", "Lot. 71, Jalan Galloway 25/28, Kuala Lumpur", "01780922736", "1971-2-25", "female", "Widowed", "2020-11-21"),
    ("PT303977", "Paisley", "Edwards", "Lot. 71, Jalan Tan Cheng Lock 6/14, Pantai Remis, Perak", "0164610046", "1947-8-24", "female", "Divorced", "2019-4-26"),
    ("PT592778", "Elijah", "Butler", "No. 68, Jalan Sentul 3/18, Mengkarak, Pahang", "0167366189", "1946-11-17", "male", "Single", "2019-7-2"),
    ("PT649464", "Joseph", "Cruz", "Lot. 43, Jalan Thambusamy 35/32, Jertih, Terengganu", "0129369965", "1979-2-2", "male", "Single", "2018-3-13"),
    ("PT415951", "Lily", "Allen", "37, Jalan Abdul Razak Hussin 20/49, Labuan", "01785734330", "1966-9-24", "female", "Widowed", "2018-4-27"),
    ("PT946163", "Hailey", "Moore", "Lot. 69, Jalan Ampang 44/24, Kinarut, Sabah", "0113726092", "1959-2-26", "female", "Widowed", "2018-5-4"),
    ("PT045199", "Grayson", "Richardson", "No. 65, Jalan Mahkamah Persekutuan 36/20, Bahau, Negeri Sembilan", "01161507151", "1966-5-27", "male", "Single", "2020-8-27"),
    ("PT394377", "Luke", "Roberts", "Lot. 7, Jalan Kebun Bunga 22/30, Nenasi, Pahang", "01429638492", "2009-11-12", "male", "Single", "2019-4-5"),
    ("PT756421", "Aiden", "Walker", "No. 64, Jalan Yaacob Latif 35/48, Keningau, Sabah", "0133260183", "1977-12-7", "male", "Married", "2018-1-30"),
    ("PT341831", "Isabella", "Carter", "No. 37, Jalan Cenderawasih 2/21, Kuala Terengganu, Terengganu", "0188039613", "1983-10-28", "female", "Widowed", "2020-11-29"),
    ("PT083401", "Madelyn", "Perez", "39, Jalan Yaacob Latif 25/25, Kinarut, Sabah", "01484232821", "1984-9-26", "female", "Single", "2018-12-24"),
    ("PT626471", "Lillian", "Roy", "No. 11, Jalan Kia Peng 26/19, Sibu, Sarawak", "0157779790", "1949-1-16", "female", "Married", "2018-9-25"),
    ("PT563653", "Alexander", "Stewart", "Lot. 15, Jalan Pahang 37/31, Sibu, Sarawak", "01880218494", "1946-7-27", "male", "Widowed", "2018-7-28"),
    ("PT997491", "Mason", "Clark", "Lot. 55, Jalan Petaling 4/43, Tanjung Kling, Malacca", "01688666836", "1942-7-26", "male", "Widowed", "2018-1-2"),
    ("PT341587", "Daniel", "Gonzalez", "Lot. 75, Jalan Robertson 36/20, Batu Arang, Selangor", "01902455856", "2004-9-9", "male", "Single", "2019-1-17"),
    ("PT825606", "Grayson", "Brooks", "Lot. 78, Jalan Tun Sambanthan 1/25, Kuala Lumpur", null, "2020-3-11", "male", "Single", "2020-12-7"),
    ("PT770659", "Isla", "Gonzalez", "No. 28, Jalan Genting Klang 43/14, Putrajaya", "01533410207", "1985-12-13", "female", "Widowed", "2020-2-17"),
    ("PT094544", "Ariana", "Gagné", "37, Jalan Hang Lekiu 32/34, Bukit Tambun, Penang", "01513701154", "1978-8-19", "female", "Married", "2019-8-1"),
    ("PT061062", "Natalie", "Sullivan", "Lot. 73, Jalan Robson 50/7, Kangar, Perlis", "0119706234", "2006-11-14", "female", "Single", "2018-5-29"),
    ("PT658536", "Ethan", "Foster", "Lot. 12, Jalan Mahkamah Tinggi 22/29, Ranau, Sabah", "01101803366", "1984-12-9", "male", "Widowed", "2018-11-7"),
    ("PT982061", "Isla", "Roy", "31, Jalan Kinabalu (part of) 16/9, Pulai Chondong, Kelantan", "01984891059", "1968-7-28", "female", "Divorced", "2020-5-21"),
    ("PT213206", "Isabella", "Smith", "No. 56, Jalan Petaling 16/30, Kertih, Terengganu", "0126976511", "1992-2-9", "female", "Single", "2020-11-4"),
    ("PT455041", "Ellie", "Scott", "35, Jalan Yap Tai Chi 20/23, Kinarut, Sabah", null, "2015-5-14", "female", "Single", "2019-5-9"),
    ("PT307417", "Emma", "Morales", "43, Jalan Bukit Tunku 48/29, Serendah, Selangor", "01219437215", "1999-1-17", "female", "Divorced", "2020-1-6"),
    ("PT680493", "Henry", "Cooper", "Lot. 75, Jalan Chan Sow Lin 44/50, Kota Kinabalu, Sabah", "01447095008", "1963-9-27", "male", "Single", "2019-10-8"),
    ("PT522021", "Sebastian", "Nelson", "Lot. 50, Jalan Raja Muda Musa 5/6, Putrajaya", "01743559710", "1990-3-20", "male", "Single", "2019-8-7"),
    ("PT521293", "Anna", "Sullivan", "63, Jalan Madge 34/5, Beranang, Selangor", "01937174743", "1999-10-23", "female", "Widowed", "2018-8-8"),
    ("PT949001", "James", "Brooks", "No. 16, Jalan Maybank 5/11, Bidor, Perak", "01181643125", "2007-12-25", "male", "Single", "2020-7-17"),
    ("PT797020", "Henry", "Walker", "Lot. 12, Jalan Yap Ah Shak 12/47, Labuan", "01560075284", "1941-12-29", "male", "Married", "2019-3-6"),
    ("PT298650", "Nova", "Nelson", "No. 65, Jalan Belfield 4/28, Putrajaya", "0185286036", "1948-7-26", "female", "Divorced", "2019-5-28"),
    ("PT697827", "Logan", "Wilson", "Lot. 26, Jalan Sultan Ismail 19/48, Cukai, Terengganu", "01491738129", "2001-10-3", "male", "Single", "2018-2-19"),
    ("PT510957", "Elena", "Richardson", "Lot. 60, Jalan Rosli Buang 34/3, Kuala Kedah, Kedah", "0111852221", "1971-8-18", "female", "Divorced", "2019-10-26"),
    ("PT237936", "Zoey", "Diaz", "No. 43, Jalan Galloway 23/29, Labuan", null, "2015-5-2", "female", "Single", "2019-9-18"),
    ("PT157063", "Aubrey", "Robinson", "68, Jalan Tun Tan Siew Sin 31/49, Pasir Gudang Baru, Johor", "01335423269", "1988-7-5", "female", "Widowed", "2019-2-11"),
    ("PT622291", "Kennedy", "Nelson", "70, Jalan Walter Grenier 34/23, Miri, Sarawak", "0122648193", "1953-11-7", "female", "Divorced", "2018-6-20"),
    ("PT308815", "Ava", "Hill", "Lot. 31, Jalan Doraisamy 16/45, Arau, Perlis", null, "2016-6-15", "female", "Single", "2019-7-2"),
    ("PT140145", "Lillian", "Rivera", "No. 19, Jalan Raja Laut 48/45, Sandakan, Sabah", "0183985249", "1968-2-17", "female", "Widowed", "2020-6-4"),
    ("PT736378", "Logan", "Nguyen", "Lot. 24, Jalan Raja Bot 49/32, Pantai Remis, Perak", "0196171638", "1963-12-13", "male", "Widowed", "2019-5-1"),
    ("PT030684", "Ruby", "Fisher", "Lot. 11, Jalan Tun Razak 32/38, Labuan", null, "2014-9-8", "female", "Single", "2018-2-26"),
    ("PT595537", "Mateo", "Gonzalez", "74, Jalan Sungai Besi 3/27, Teluk Bahang, Penang", "0197529730", "1951-1-13", "male", "Widowed", "2019-8-24"),
    ("PT582398", "Layla", "Foster", "68, Jalan Wisma Putra 37/38, Seremban 3, Negeri Sembilan", null, "2014-11-16", "female", "Single", "2019-9-11"),
    ("PT212310", "Gabriella", "Wood", "Lot. 46, Jalan Langgak Golf 1/16, Kuala Lumpur", "0179411837", "1954-4-27", "female", "Single", "2020-3-3"),
    ("PT532371", "Lucas", "Watson", "15, Jalan Samarahan 30/24, Selayang, Selangor", "0179307605", "1981-5-15", "male", "Single", "2020-10-13"),
    ("PT391607", "Alexander", "Martin", "No. 14, Jalan Maybank 40/30, Labuan", null, "2012-11-10", "male", "Single", "2019-2-9"),
    ("PT101811", "Noah", "Richardson", "79, Jalan Robertson 5/49, Kuala Perlis, Perlis", "0176788286", "1974-8-13", "male", "Single", "2019-5-10"),
    ("PT339093", "Leo", "Phillips", "29, Jalan Rosli Buang 45/27, Sungai Udang, Malacca", "01199072844", "1992-3-23", "male", "Widowed", "2019-10-20"),
    ("PT941129", "Gabriel", "Gutierrez", "No. 1, Jalan Kinabalu 19/33, Labuan", "01026593234", "1983-5-20", "male", "Divorced", "2019-1-27"),
    ("PT759287", "Avery", "Nelson", "62, Jalan Hang Tuah 14/23, Kuala Kedah, Kedah", "0181722247", "1973-5-8", "female", "Divorced", "2018-2-8"),
    ("PT184331", "Avery", "Mitchell", "Lot. 6, Jalan Cenderawasih 44/38, Kampung Lemal, Kelantan", "0153307754", "1992-9-9", "female", "Single", "2019-1-11"),
    ("PT516320", "Oliver", "Smith", "No. 7, Jalan Kampung Attap 3/18, Kota Belud, Sabah", "0142189907", "2009-4-16", "male", "Single", "2019-8-21"),
    ("PT316853", "Benjamin", "Phillips", "Lot. 54, Jalan Raja Chulan 46/38, Sungai Petan, Kedah", "0156488587", "1956-3-29", "male", "Single", "2020-7-3"),
    ("PT972132", "Isaac", "Rivera", "15, Jalan Thavers 44/49, Putrajaya", "01768060202", "1967-10-29", "male", "Widowed", "2019-6-28"),
    ("PT753771", "Grayson", "Garcia", "47, Jalan Bukit Tunku 23/45, Labis, Johor", "01276933835", "1944-7-15", "male", "Widowed", "2019-6-5"),
    ("PT172657", "Matthew", "Côté", "Lot. 16, Jalan Datuk Sulaiman 7/33, Kuala Lumpur", "01136884289", "1990-4-1", "male", "Married", "2019-11-16"),
    ("PT718043", "Sophia", "Carter", "Lot. 49, Jalan Hang Kasturi 16/28, Sungai Petan, Kedah", "01194282712", "1997-12-8", "female", "Widowed", "2019-1-18"),
    ("PT822677", "Gianna", "Thomas", "57, Jalan Chan Sow Lin 22/6, Jertih, Terengganu", "01211425227", "1976-5-29", "female", "Widowed", "2019-3-28"),
    ("PT829829", "John", "Parker", "5, Jalan Kia Peng 44/43, Yong Peng, Johor", "01360745127", "1977-7-8", "male", "Widowed", "2018-3-26"),
    ("PT254477", "Emma", "Jackson", "Lot. 66, Jalan Raja 27/38, Kuala Lumpur", "01728573674", "1997-1-8", "female", "Divorced", "2019-7-11"),
    ("PT784510", "John", "Hall", "Lot. 52, Jalan Kia Peng 26/7, Bukit Mertajam, Penang", "01368387676", "1967-4-17", "male", "Widowed", "2018-12-5"),
    ("PT094612", "Naomi", "Bouchard", "17, Jalan Ampang 44/8, Labuan", "0166694347", "1993-11-22", "female", "Married", "2019-6-13"),
    ("PT197830", "Noah", "Taylor", "No. 49, Jalan Maharajalela 14/8, Labuan", "0162756816", "1963-12-28", "male", "Married", "2018-5-8"),
    ("PT876164", "Daniel", "Roberts", "Lot. 11, Jalan Raja Chulan 29/32, Sri Aman, Sarawak", "0184473045", "2000-5-17", "male", "Single", "2019-5-7"),
    ("PT910601", "Aubrey", "Adams", "Lot. 8, Jalan Stonor 2/4, Jertih, Terengganu", null, "2015-11-3", "female", "Single", "2020-8-22"),
    ("PT638473", "Michael", "Wood", "Lot. 70, Jalan U-Thant 11/26, Jerantut, Pahang", "0106847360", "2001-11-27", "male", "Single", "2019-11-19"),
    ("PT965500", "Elizabeth", "Sullivan", "Lot. 72, Jalan Sin Chew Kee 28/44, Kertih, Terengganu", "01798713282", "1962-3-9", "female", "Single", "2020-10-27"),
    ("PT220818", "Valentina", "Green", "Lot. 67, Jalan Tangsi 16/9, Kuala Sawah, Negeri Sembilan", "01671871135", "1979-11-17", "female", "Single", "2020-9-12"),
    ("PT001717", "Abigail", "Williams", "1, Jalan Langgak Golf 36/32, Semenyih, Selangor", "0147199193", "1994-5-7", "female", "Married", "2018-4-6"),
    ("PT372292", "Gianna", "Hill", "No. 66, Jalan Hang Kasturi 42/33, Kota Tinggi, Johor", "0141401075", "1974-7-4", "female", "Widowed", "2018-6-13"),
    ("PT668266", "Benjamin", "Cook", "No. 53, Jalan Eaton 5/23, Pokok Sena, Kedah", "0198346775", "1993-5-20", "male", "Married", "2018-4-3"),
    ("PT272742", "Gabriel", "Morin", "Lot. 29, Jalan Balai Polis 27/37, Nenasi, Pahang", "0179422266", "1971-2-12", "male", "Single", "2019-5-21"),
    ("PT341632", "Joseph", "Rodriguez", "No. 14, Jalan Yaacob Latif 9/1, Kuala Sungai Baru, Malacca", "01886922324", "1969-10-30", "male", "Single", "2018-4-25"),
    ("PT961975", "Alexander", "Sullivan", "Lot. 64, Jalan Cochrane 50/7, Pulai Chondong, Kelantan", "0113844589", "1994-6-18", "male", "Married", "2020-8-23"),
    ("PT793619", "Samuel", "Morin", "54, Jalan Tun Mohd Fuad 28/1, Bukit Tinggi, Pahang", "01279953879", "1964-11-11", "male", "Married", "2018-7-4"),
    ("PT968114", "Allison", "Cook", "Lot. 50, Jalan Imbi 20/43, Muar, Johor", "0150440211", "2004-10-30", "female", "Single", "2018-3-29"),
    ("PT690481", "Logan", "Williams", "Lot. 16, Jalan Sri Amar 46/50, Butterworth, Penang", "0198942730", "2006-4-5", "male", "Single", "2020-9-28"),
    ("PT191719", "Leah", "Côté", "No. 12, Jalan Robertson 6/41, Kuala Lumpur", "0108516670", "1999-5-18", "female", "Single", "2020-11-2"),
    ("PT681292", "William", "Phillips", "Lot. 78, Jalan Pasar Besar 21/24, Arau, Perlis", "0148410598", "1983-5-21", "male", "Married", "2020-5-18"),
    ("PT362725", "Hailey", "Brooks", "No. 69, Jalan Stonor 11/26, Mambau, Negeri Sembilan", "0163459697", "1953-1-28", "female", "Widowed", "2019-7-26"),
    ("PT720879", "Sebastian", "Smith", "47, Jalan Wan Kadir 42/6, Labuan", "0198821232", "1992-5-26", "male", "Married", "2020-9-25"),
    ("PT287289", "Aubrey", "Nelson", "Lot. 23, Jalan Tuanku Abdul Halim 48/6, Machap Baru, Malacca", "01686983691", "2007-12-19", "female", "Single", "2018-4-25"),
    ("PT709995", "Emilia", "Gutierrez", "Lot. 35, Jalan Tun Sambanthan 33/25, Genting Sempah, Pahang", "01786940380", "1974-3-15", "female", "Married", "2018-3-11"),
    ("PT217719", "Daniel", "Hernandez", "Lot. 70, Jalan Wan Kadir 42/14, Jertih, Terengganu", "0168568279", "1947-10-17", "male", "Single", "2020-2-14"),
    ("PT851571", "Matthew", "Rodriguez", "Lot. 1, Jalan Yap Kwan Seng 36/45, Semenyih, Selangor", "01020092227", "1957-10-22", "male", "Divorced", "2020-7-11"),
    ("PT800759", "Liam", "Sullivan", "62, Jalan U-Thant 37/36, Kuala Lumpur", null, "2018-9-14", "male", "Single", "2018-8-14"),
    ("PT625389", "Hazel", "Gagné", "39, Jalan Punchak 34/22, Kuala Kangsar, Perak", "0158151140", "1963-11-22", "female", "Divorced", "2019-5-24");
INSERT INTO pt_ntk VALUES
    ("PT793304", "0", "Liam", "Young", "Father", "No. 16, Jalan Bukit Ceylon 28/7, Sungai Besar, Selangor", "0102353010"),
    ("PT793304", "1", "Olivia", "Ortiz", "Mother", "No. 2, Jalan Thambi Dollah 22/39, Teluk Kumbar, Penang", "01367980194"),
    ("PT793304", "2", "Avery", "Young", "Sister", "33, Jalan Loke Yew 5/1, Kuala Lumpur", "01834630104"),
    ("PT793304", "3", "Luke", "Young", "Brother", "Lot. 54, Jalan Abdul Rahim Kajai 29/30, Kuala Terengganu, Terengganu", "0124087357"),
    ("PT092961", "4", "Sebastian", "Stewart", "Father", "No. 10, Jalan Thambi Dollah 45/14, Arau, Perlis", "01535469361"),
    ("PT092961", "5", "Cora", "Stewart", "Sister", "No. 39, Jalan Genting Klang 47/20, Serendah, Selangor", "01746700208"),
    ("PT781238", "6", "William", "Nguyen", "Father", "23, Jalan Eaton 21/19, Gua Musang, Kelantan", "01369646109"),
    ("PT781238", "7", "Eliana", "Wright", "Mother", "No. 31, Jalan Talalla 23/26, Kuala Lumpur", "01097661368"),
    ("PT671712", "8", "Theodore", "Turner", "Father", "76, Jalan Loke Yew 10/31, Bagan Serai, Perak", "01689767266"),
    ("PT671712", "9", "Ariana", "Turner", "Sister", "76, Jalan Loke Yew 10/31, Bagan Serai, Perak", "01240618958"),
    ("PT671712", "10", "Anthony", "Turner", "Brother", "76, Jalan Loke Yew 10/31, Bagan Serai, Perak", "01417346701"),
    ("PT142001", "11", "Scarlett", "Martinez", "Mother", "No. 37, Jalan Pudu 22/36, Labuan", "0153741571"),
    ("PT142001", "12", "Gabriel", "Gomez", "Brother", "62, Jalan Ritchie 39/21, Yong Peng, Johor", "01206400839"),
    ("PT898684", "13", "Penelope", "Taylor", "Sister", "72, Jalan Madge 37/33, Subang Jaya, Selangor", "0138251028"),
    ("PT898684", "14", "Noah", "Taylor", "Brother", "Lot. 5, Jalan Tun Mohd Fuad 50/3, Parit Buntar, Perak", "01716281381"),
    ("PT725408", "15", "Isaac", "Lavoie", "Father", "28, Jalan Mahkamah Tinggi 25/39, Labuan", "01052524327"),
    ("PT725408", "16", "Mila", "Sanders", "Mother", "28, Jalan Mahkamah Tinggi 25/39, Labuan", "0127335232"),
    ("PT310604", "17", "John", "Sanders", "Father", "No. 71, Jalan Gallagher 21/50, Kapit, Sarawak", "0132156062"),
    ("PT310604", "18", "Sofia", "Sanders", "Sister", "Lot. 20, Jalan Thambusamy 42/3, Teluk Bahang, Penang", "01264649319"),
    ("PT419770", "19", "Noah", "Morgan", "Father", "No. 36, Jalan Saimun Tarikat 22/48, Belimbing, Pahang", "01857527835"),
    ("PT419770", "20", "David", "Morgan", "Brother", "40, Jalan Tun Sambanthan 4/39, Bandar Labuan, Sabah", "0132117091"),
    ("PT223103", "21", "Ivy", "Torres", "Sister", "36, Jalan Sin Chee 9/38, Labuan", "01085476620"),
    ("PT223103", "22", "Elijah", "Torres", "Brother", "Lot. 54, Jalan Chan Wing 22/44, Kuala Kedah, Kedah", "0186853043"),
    ("PT187381", "23", "Elijah", "Watson", "Father", "Lot. 5, Jalan Chow Kit 4/37, Kuah, Kedah", "01832861305"),
    ("PT187381", "24", "Henry", "Watson", "Brother", "No. 43, Jalan Ampang 10/13, Putrajaya", "01561216297"),
    ("PT426888", "25", "Grayson", "Cruz", "Father", "Lot. 13, Jalan Bangsar 4/9, Simpang Empat, Perak", "01856514567"),
    ("PT426888", "26", "Savannah", "Scott", "Mother", "54, Jalan Haji Yahya Sheikh Ahmad 12/40, Kuang, Selangor", "0133895822"),
    ("PT426888", "27", "Caroline", "Cruz", "Sister", "No. 15, Jalan Ampang Hilir 41/41, Bukit Tambun, Penang", "01657016793"),
    ("PT426888", "28", "James", "Cruz", "Brother", "No. 44, Jalan Zaaba 26/26, Gurun, Kedah", "0102206995"),
    ("PT964730", "29", "James", "Collins", "Father", "Lot. 45, Jalan Walter Grenier 18/31, Sibu, Sarawak", "01613759970"),
    ("PT482729", "30", "Alexander", "Phillips", "Father", "31, Jalan Kia Peng 47/20, Sungai Gadut, Negeri Sembilan", "01882165241"),
    ("PT482729", "31", "Zoe", "Long", "Mother", "Lot. 33, Jalan Dewan Bahasa 37/27, Kuang, Selangor", "0179141952"),
    ("PT190388", "32", "Dylan", "Edwards", "Father", "No. 16, Jalan Mahkamah Tinggi 10/33, Bedong, Kedah", "01054768539"),
    ("PT853394", "33", "Ethan", "Morales", "Father", "Lot. 71, Jalan Galloway 25/28, Kuala Lumpur", "01087070306"),
    ("PT853394", "34", "Daniel", "Morales", "Brother", "Lot. 25, Jalan Kinabalu 34/7, Ramuan China, Malacca", "01640174206"),
    ("PT303977", "35", "John", "Edwards", "Father", "11, Jalan Hang Lekiu 15/41, Pasir Panjang, Negeri Sembilan, Negeri Sembilan", "0136741825"),
    ("PT303977", "36", "Harper", "Jackson", "Mother", "No. 55, Jalan Berhala 3/44, Labuan", "01697769493"),
    ("PT303977", "37", "Mila", "Edwards", "Sister", "Lot. 48, Jalan Doraisamy 19/5, Bagan Serai, Perak", "0142734847"),
    ("PT592778", "38", "Carter", "Butler", "Father", "58, Jalan Tun Mohd Fuad 26/18, Puchong, Selangor", "0132204657"),
    ("PT592778", "39", "Mia", "Howard", "Mother", "No. 68, Jalan Sentul 3/18, Mengkarak, Pahang", "01567587947"),
    ("PT592778", "40", "Bella", "Butler", "Sister", "Lot. 18, Jalan Tun Razak 21/23, Kuah, Kedah", "0123550653"),
    ("PT649464", "41", "Camila", "Parker", "Mother", "Lot. 28, Jalan Doktor Latif 49/50, Melaka Pindah, Malacca", "01142264295"),
    ("PT649464", "42", "Gabriel", "Cruz", "Brother", "No. 41, Jalan Stonor 34/25, Sarikei, Sarawak", "0143104076"),
    ("PT415951", "43", "Julian", "Allen", "Father", "37, Jalan Abdul Razak Hussin 20/49, Labuan", "01895630202"),
    ("PT946163", "44", "Charlotte", "Cruz", "Mother", "Lot. 69, Jalan Ampang 44/24, Kinarut, Sabah", "01850492753"),
    ("PT946163", "45", "Mia", "Moore", "Sister", "No. 3, Jalan Raja Chulan 37/35, Sibu, Sarawak", "0197926640"),
    ("PT946163", "46", "Mason", "Moore", "Brother", "Lot. 68, Jalan Doraisamy 6/19, Tapah Road, Perak", "0187315272"),
    ("PT045199", "47", "Ethan", "Richardson", "Father", "No. 75, Jalan Datuk Sulaiman 3/14, Kampong Pangkal Kalong, Kelantan", "01779583424"),
    ("PT394377", "48", "Allison", "Young", "Mother", "Lot. 7, Jalan Kebun Bunga 22/30, Nenasi, Pahang", "0178685253"),
    ("PT756421", "49", "Daniel", "Walker", "Father", "No. 64, Jalan Yaacob Latif 35/48, Keningau, Sabah", "01578276572"),
    ("PT756421", "50", "Sophia", "King", "Mother", "58, Jalan Vivekananda 49/18, Bedong, Kedah", "0147690030"),
    ("PT756421", "51", "John", "Walker", "Brother", "No. 64, Jalan Yaacob Latif 35/48, Keningau, Sabah", "01498963770"),
    ("PT756421", "52", "Brooklyn", "Roy", "Spouse", "No. 64, Jalan Yaacob Latif 35/48, Keningau, Sabah", "0150908870"),
    ("PT341831", "53", "Lucas", "Carter", "Father", "4, Jalan Sin Chew Kee 15/13, Kuala Lumpur", "0109832394"),
    ("PT341831", "54", "John", "Carter", "Brother", "No. 11, Jalan Belfield 46/30, Gurun, Kedah", "01768106501"),
    ("PT083401", "55", "Luke", "Perez", "Father", "39, Jalan Yaacob Latif 25/25, Kinarut, Sabah", "01433599249"),
    ("PT083401", "56", "Mason", "Perez", "Brother", "No. 16, Jalan Hang Jebat 33/19, Ketari, Pahang", "01118350447"),
    ("PT563653", "57", "Anna", "Taylor", "Mother", "Lot. 15, Jalan Pahang 37/31, Sibu, Sarawak", "01788259127"),
    ("PT997491", "58", "Henry", "Clark", "Father", "Lot. 55, Jalan Petaling 4/43, Tanjung Kling, Malacca", "01260171522"),
    ("PT341587", "59", "Michael", "Gonzalez", "Father", "Lot. 75, Jalan Robertson 36/20, Batu Arang, Selangor", "0135883268"),
    ("PT341587", "60", "Mila", "Gonzalez", "Sister", "No. 65, Jalan Leong Yew Koh 29/14, Putrajaya", "01417069416"),
    ("PT341587", "61", "Samuel", "Gonzalez", "Brother", "Lot. 75, Jalan Robertson 36/20, Batu Arang, Selangor", "0169388436"),
    ("PT770659", "62", "William", "Gonzalez", "Father", "Lot. 1, Jalan Pasar Besar 2/28, Siliau, Negeri Sembilan", "0109129209"),
    ("PT770659", "63", "Elijah", "Gonzalez", "Brother", "No. 37, Jalan Kinabalu (part of) 20/38, Sungai Petan, Kedah", "01902651697"),
    ("PT094544", "64", "Willow", "Tremblay", "Mother", "37, Jalan Hang Lekiu 32/34, Bukit Tambun, Penang", "0188898182"),
    ("PT094544", "65", "Ethan", "Gagné", "Brother", "Lot. 78, Jalan Carutthers 4/7, Labuan", "01296599571"),
    ("PT094544", "66", "Julian", "Brown", "Spouse", "Lot. 19, Jalan Carutthers 47/3, Tangkak, Johor", "0183805464"),
    ("PT061062", "67", "Violet", "Stewart", "Mother", "Lot. 73, Jalan Robson 50/7, Kangar, Perlis", "0194080037"),
    ("PT061062", "68", "Ella", "Sullivan", "Sister", "Lot. 73, Jalan Robson 50/7, Kangar, Perlis", "01460532169"),
    ("PT061062", "69", "Logan", "Sullivan", "Brother", "No. 58, Jalan Tun Razak 12/6, Kuala Perlis, Perlis", "0139270938"),
    ("PT658536", "70", "Jayden", "Foster", "Father", "63, Jalan Hang Jebat 26/36, Kampong Kadok, Kelantan", "01935778858"),
    ("PT658536", "71", "Cora", "Powell", "Mother", "Lot. 12, Jalan Mahkamah Tinggi 22/29, Ranau, Sabah", "01404678433"),
    ("PT658536", "72", "Leah", "Foster", "Sister", "Lot. 12, Jalan Mahkamah Tinggi 22/29, Ranau, Sabah", "01144861026"),
    ("PT982061", "73", "John", "Roy", "Father", "No. 20, Jalan Kampung Attap 2/42, Kudat, Sabah", "01289733226"),
    ("PT982061", "74", "Nova", "Tremblay", "Mother", "31, Jalan Kinabalu (part of) 16/9, Pulai Chondong, Kelantan", "01053788868"),
    ("PT982061", "75", "Michael", "Roy", "Brother", "52, Jalan Lenggu ak China 19/44, Ulu Tiram, Johor", "0121449888"),
    ("PT213206", "76", "Liam", "Smith", "Father", "Lot. 1, Jalan Bangsar 10/6, Putrajaya", "01266279885"),
    ("PT455041", "77", "Daniel", "Scott", "Father", "No. 19, Jalan Damansara 13/2, Bukit Katil, Malacca", "0149201264"),
    ("PT455041", "78", "Elizabeth", "Wood", "Mother", "No. 2, Jalan Tuanku Jaafar 46/16, Kuala Dungun, Terengganu", "0175079163"),
    ("PT455041", "79", "Grace", "Scott", "Sister", "No. 28, Jalan Pasar 28/1, Labis, Johor", "0110739489"),
    ("PT455041", "80", "Matthew", "Scott", "Brother", "42, Jalan Cenderawasih 43/49, Labuan", "01645963091"),
    ("PT307417", "81", "Gabriel", "Morales", "Father", "43, Jalan Bukit Tunku 48/29, Serendah, Selangor", "0141597520"),
    ("PT307417", "82", "Natalie", "Brown", "Mother", "43, Jalan Bukit Tunku 48/29, Serendah, Selangor", "01248764284"),
    ("PT307417", "83", "Allison", "Morales", "Sister", "Lot. 49, Jalan Dato' Onn 34/42, Putrajaya", "01077494900"),
    ("PT680493", "84", "Ava", "Cooper", "Sister", "No. 7, Jalan Hang Jebat 28/12, Kuala Lumpur", "0104010469"),
    ("PT680493", "85", "Luke", "Cooper", "Brother", "Lot. 40, Jalan U-Thant 26/45, Kangar, Perlis", "01963842621"),
    ("PT522021", "86", "Eliana", "Bennett", "Mother", "63, Jalan Tugu 13/1, Pulai Chondong, Kelantan", "01885504969"),
    ("PT522021", "87", "Owen", "Nelson", "Brother", "Lot. 50, Jalan Raja Muda Musa 5/6, Putrajaya", "01087029507"),
    ("PT521293", "88", "Mateo", "Sullivan", "Father", "63, Jalan Madge 34/5, Beranang, Selangor", "01667076194"),
    ("PT521293", "89", "Mila", "Foster", "Mother", "No. 19, Jalan Kinabalu (part of) 24/19, Labuan", "0162771694"),
    ("PT521293", "90", "Serenity", "Sullivan", "Sister", "No. 8, Jalan Alor 12/19, Kuala Lumpur", "01860131209"),
    ("PT521293", "91", "David", "Sullivan", "Brother", "31, Jalan Raja Alang 3/46, Batang Berjuntai, Selangor", "01672448979"),
    ("PT949001", "92", "Maya", "Brooks", "Sister", "No. 16, Jalan Maybank 5/11, Bidor, Perak", "01540869326"),
    ("PT797020", "93", "Matthew", "Walker", "Father", "No. 66, Jalan Tuanku Jaafar 48/41, Kuah, Kedah", "0170073903"),
    ("PT797020", "94", "Savannah", "Cox", "Spouse", "Lot. 27, Jalan Kuching 8/12, Peringat, Kelantan", "01073588814"),
    ("PT697827", "95", "Sebastian", "Wilson", "Father", "Lot. 26, Jalan Sultan Ismail 19/48, Cukai, Terengganu", "01006231921"),
    ("PT697827", "96", "Mila", "Wilson", "Sister", "No. 67, Jalan Mahkamah Persekutuan 43/22, Jertih, Terengganu", "01848738690"),
    ("PT510957", "97", "Ella", "Nguyen", "Mother", "Lot. 72, Jalan Ampang Hilir 21/40, Kuching, Sarawak", "0159748699"),
    ("PT510957", "98", "Hailey", "Richardson", "Sister", "70, Jalan Kampung Bandar Dalam 44/33, Ketereh, Kelantan", "0103121052"),
    ("PT510957", "99", "Owen", "Richardson", "Brother", "No. 67, Jalan Dang Wangi 49/48, Labuan", "01086444499"),
    ("PT237936", "100", "Lucas", "Diaz", "Father", "Lot. 41, Jalan Parlimen 11/43, Semenyih, Selangor", "0107511320"),
    ("PT237936", "101", "Gabriella", "Diaz", "Sister", "No. 43, Jalan Galloway 23/29, Labuan", "01201218448"),
    ("PT237936", "102", "Carter", "Diaz", "Brother", "Lot. 54, Jalan U-Thant 24/10, Pokok Sena, Kedah", "0141590532"),
    ("PT157063", "103", "Mateo", "Robinson", "Father", "48, Jalan Choo Cheeng Kay 10/39, Simpang Pertang, Negeri Sembilan", "0129918280"),
    ("PT157063", "104", "Alice", "Robinson", "Sister", "68, Jalan Tun Tan Siew Sin 31/49, Pasir Gudang Baru, Johor", "0180478368"),
    ("PT622291", "105", "Leo", "Nelson", "Father", "70, Jalan Walter Grenier 34/23, Miri, Sarawak", "0185068506"),
    ("PT622291", "106", "Amelia", "Price", "Mother", "Lot. 19, Jalan Gereja 3/39, Bedong, Kedah", "0155923996"),
    ("PT622291", "107", "Ethan", "Nelson", "Brother", "No. 43, Jalan Peel 29/12, Ketereh, Kelantan", "01392170205"),
    ("PT308815", "108", "Jack", "Hill", "Brother", "No. 25, Jalan Haji Yahya Sheikh Ahmad 1/1, Bintulu, Sarawak", "0124058466"),
    ("PT140145", "109", "Jackson", "Rivera", "Father", "42, Jalan Yaacob Latif 28/49, Pokok Sena, Kedah", "0166948249"),
    ("PT140145", "110", "Eleanor", "Turner", "Mother", "No. 19, Jalan Raja Laut 48/45, Sandakan, Sabah", "01196217374"),
    ("PT140145", "111", "Aaliyah", "Rivera", "Sister", "No. 19, Jalan Raja Laut 48/45, Sandakan, Sabah", "0158988072"),
    ("PT736378", "112", "Isaac", "Nguyen", "Father", "Lot. 80, Jalan Syed Putra 4/17, Bangi, Selangor", "0157701566"),
    ("PT736378", "113", "Kennedy", "Wood", "Mother", "Lot. 24, Jalan Raja Bot 49/32, Pantai Remis, Perak", "01071010913"),
    ("PT736378", "114", "Mason", "Nguyen", "Brother", "Lot. 33, Jalan Pantai Baharu 40/45, Naning, Malacca", "01518867834"),
    ("PT030684", "115", "Mateo", "Fisher", "Brother", "66, Jalan Chow Kit 10/8, Kapit, Sarawak", "0157078986"),
    ("PT595537", "116", "Isaac", "Gonzalez", "Father", "No. 21, Jalan Raja Chulan 36/46, Pasir Gudang Baru, Johor", "01966196261"),
    ("PT595537", "117", "Emilia", "Bell", "Mother", "56, Jalan Raja Muda Musa 24/37, Keningau, Sabah", "01857512606"),
    ("PT595537", "118", "Madison", "Gonzalez", "Sister", "74, Jalan Sungai Besi 3/27, Teluk Bahang, Penang", "0136979556"),
    ("PT595537", "119", "Owen", "Gonzalez", "Brother", "74, Jalan Sungai Besi 3/27, Teluk Bahang, Penang", "01881116710"),
    ("PT582398", "120", "Jack", "Foster", "Father", "No. 31, Jalan Galloway 24/50, Gurun, Kedah", "01868952935"),
    ("PT582398", "121", "Maya", "Moore", "Mother", "68, Jalan Wisma Putra 37/38, Seremban 3, Negeri Sembilan", "01558558058"),
    ("PT212310", "122", "John", "Wood", "Father", "Lot. 46, Jalan Langgak Golf 1/16, Kuala Lumpur", "01321212868"),
    ("PT212310", "123", "Alice", "Walker", "Mother", "Lot. 2, Jalan Tuanku Abdul Rahman 11/45, Kuala Lumpur", "01740824941"),
    ("PT212310", "124", "Grayson", "Wood", "Brother", "Lot. 46, Jalan Langgak Golf 1/16, Kuala Lumpur", "0143450795"),
    ("PT532371", "125", "Logan", "Watson", "Father", "51, Jalan Burhanuddin Helmi 19/6, Putatan, Sabah", "01024689680"),
    ("PT532371", "126", "Ivy", "Myers", "Mother", "Lot. 59, Jalan Yew 37/20, Putrajaya", "01201882426"),
    ("PT391607", "127", "Oliver", "Martin", "Brother", "No. 14, Jalan Maybank 40/30, Labuan", "0108907316"),
    ("PT101811", "128", "Hailey", "Richardson", "Sister", "79, Jalan Robertson 5/49, Kuala Perlis, Perlis", "01133214178"),
    ("PT101811", "129", "Mateo", "Richardson", "Brother", "79, Jalan Robertson 5/49, Kuala Perlis, Perlis", "01793858051"),
    ("PT339093", "130", "Daniel", "Phillips", "Father", "29, Jalan Rosli Buang 45/27, Sungai Udang, Malacca", "0184247513"),
    ("PT339093", "131", "Aurora", "Phillips", "Sister", "No. 42, Jalan Samarahan 33/40, Bandar Seri Jempol, Negeri Sembilan", "01968504452"),
    ("PT941129", "132", "Elijah", "Gutierrez", "Father", "No. 1, Jalan Kinabalu 19/33, Labuan", "01955683797"),
    ("PT941129", "133", "Mia", "Edwards", "Mother", "Lot. 37, Jalan Samarahan 1/30, Ketereh, Kelantan", "01423856661"),
    ("PT759287", "134", "Aubrey", "Scott", "Mother", "62, Jalan Hang Tuah 14/23, Kuala Kedah, Kedah", "01489855456"),
    ("PT759287", "135", "Naomi", "Nelson", "Sister", "62, Jalan Hang Tuah 14/23, Kuala Kedah, Kedah", "01637374925"),
    ("PT184331", "136", "Dylan", "Mitchell", "Father", "Lot. 6, Jalan Cenderawasih 44/38, Kampung Lemal, Kelantan", "0150718715"),
    ("PT184331", "137", "Sarah", "Mitchell", "Sister", "Lot. 29, Jalan Semarang 42/31, Gurun, Kedah", "01318321278"),
    ("PT516320", "138", "Hannah", "Gray", "Mother", "Lot. 46, Jalan Maharajalela 36/28, Alor Setar, Kedah", "01569960958"),
    ("PT516320", "139", "Samantha", "Smith", "Sister", "Lot. 69, Jalan Tugu 11/29, Gemas, Negeri Sembilan", "01544180710"),
    ("PT316853", "140", "Oliver", "Phillips", "Father", "No. 29, Jalan Raja Abdullah 26/14, Tumpat, Kelantan", "0125910097"),
    ("PT316853", "141", "Violet", "Miller", "Mother", "Lot. 34, Jalan Madge 1/20, Gertak Sanggul, Penang", "0160598779"),
    ("PT316853", "142", "Ivy", "Phillips", "Sister", "No. 61, Jalan Kinabalu (part of) 39/16, Tawau, Sabah", "01681333628"),
    ("PT316853", "143", "Anthony", "Phillips", "Brother", "61, Jalan Pasar Besar 25/5, Sungai Gadut, Negeri Sembilan", "01235914232"),
    ("PT972132", "144", "Jacob", "Rivera", "Father", "15, Jalan Thavers 44/49, Putrajaya", "0137074293"),
    ("PT972132", "145", "Paisley", "Foster", "Mother", "8, Jalan Istana 24/5, Putrajaya", "01900677793"),
    ("PT972132", "146", "Bella", "Rivera", "Sister", "15, Jalan Thavers 44/49, Putrajaya", "0159275552"),
    ("PT972132", "147", "Oliver", "Rivera", "Brother", "Lot. 80, Jalan Haji Yahya Sheikh Ahmad 33/16, Bangi, Selangor", "01799806318"),
    ("PT753771", "148", "Elizabeth", "Foster", "Mother", "No. 64, Jalan Tun Ismail 37/21, Mersing, Johor", "01924766392"),
    ("PT753771", "149", "Ivy", "Garcia", "Sister", "Lot. 10, Jalan Shelley 12/11, Kuala Terengganu, Terengganu", "0165748391"),
    ("PT753771", "150", "Dylan", "Garcia", "Brother", "No. 57, Jalan Kuda 12/45, Kuala Lumpur", "0163991592"),
    ("PT172657", "151", "Matthew", "Côté", "Father", "26, Jalan Berhala 24/36, Labuan", "01170130529"),
    ("PT172657", "152", "Amelia", "Cooper", "Mother", "Lot. 16, Jalan Datuk Sulaiman 7/33, Kuala Lumpur", "0117640587"),
    ("PT172657", "153", "Addison", "Gagnon", "Spouse", "No. 8, Jalan Bukit Tunku 14/14, Putrajaya", "01941912681"),
    ("PT718043", "154", "Levi", "Carter", "Father", "Lot. 49, Jalan Hang Kasturi 16/28, Sungai Petan, Kedah", "01138469733"),
    ("PT718043", "155", "Violet", "Perez", "Mother", "69, Jalan Punchak 18/3, Putrajaya", "0162299879"),
    ("PT822677", "156", "Leo", "Thomas", "Father", "22, Jalan Kuda 8/37, Batang Melaka, Malacca", "01587253749"),
    ("PT822677", "157", "Aria", "Lee", "Mother", "57, Jalan Chan Sow Lin 22/6, Jertih, Terengganu", "0116775503"),
    ("PT822677", "158", "Bella", "Thomas", "Sister", "57, Jalan Chan Sow Lin 22/6, Jertih, Terengganu", "0127206628"),
    ("PT822677", "159", "Jack", "Thomas", "Brother", "48, Jalan Hang Tuah 37/43, Labuan", "0189182751"),
    ("PT829829", "160", "Paisley", "Butler", "Mother", "5, Jalan Kia Peng 44/43, Yong Peng, Johor", "01936191096"),
    ("PT829829", "161", "Caroline", "Parker", "Sister", "5, Jalan Kia Peng 44/43, Yong Peng, Johor", "01995638275"),
    ("PT829829", "162", "Alexander", "Parker", "Brother", "No. 46, Jalan Raja Muda Musa 20/38, Arau, Perlis", "0170878315"),
    ("PT254477", "163", "Grayson", "Jackson", "Father", "Lot. 52, Jalan Talalla 8/10, Bukit Tambun, Penang", "01387737883"),
    ("PT254477", "164", "Allison", "Phillips", "Mother", "Lot. 26, Jalan Maybank 44/17, Taman Senai, Johor", "01529544909"),
    ("PT254477", "165", "Julian", "Jackson", "Brother", "Lot. 66, Jalan Raja 27/38, Kuala Lumpur", "0119664791"),
    ("PT784510", "166", "Hazel", "Evans", "Mother", "Lot. 52, Jalan Kia Peng 26/7, Bukit Mertajam, Penang", "0117991576"),
    ("PT784510", "167", "Luke", "Hall", "Brother", "Lot. 52, Jalan Kia Peng 26/7, Bukit Mertajam, Penang", "01648975588"),
    ("PT094612", "168", "David", "Bouchard", "Brother", "Lot. 76, Jalan Munshi Abdullah 3/43, Sungai Udang, Malacca", "0159681354"),
    ("PT197830", "169", "Charlotte", "Taylor", "Sister", "80, Jalan Yaacob Latif 22/43, Sandakan, Sabah", "01970148346"),
    ("PT197830", "170", "Nova", "Myers", "Spouse", "24, Jalan Maharajalela 15/43, Kluang, Johor", "0101824095"),
    ("PT876164", "171", "Chloe", "Roberts", "Sister", "No. 69, Jalan Pantai Baharu 49/19, Butterworth, Penang", "0177232223"),
    ("PT910601", "172", "Benjamin", "Adams", "Father", "4, Jalan Changkat Stadium 27/50, Labuan", "0112388288"),
    ("PT910601", "173", "Sophia", "Mitchell", "Mother", "Lot. 8, Jalan Stonor 2/4, Jertih, Terengganu", "0197039509"),
    ("PT638473", "174", "Nora", "Cruz", "Mother", "Lot. 70, Jalan U-Thant 11/26, Jerantut, Pahang", "01650252828"),
    ("PT965500", "175", "Elizabeth", "Sullivan", "Sister", "80, Jalan Robson 48/25, Jitra, Kedah", "0192291913"),
    ("PT965500", "176", "Mason", "Sullivan", "Brother", "No. 17, Jalan Esfahan 45/26, Pinang Tunggal, Penang", "0190947016"),
    ("PT220818", "177", "Jacob", "Green", "Father", "14, Jalan Kampung Bandar Dalam 24/39, Arau, Perlis", "0167822341"),
    ("PT220818", "178", "Ellie", "Reyes", "Mother", "Lot. 67, Jalan Tangsi 16/9, Kuala Sawah, Negeri Sembilan", "01763399539"),
    ("PT220818", "179", "Chloe", "Green", "Sister", "No. 30, Jalan Cenderasari 19/44, Kuala Dungun, Terengganu", "01332447129"),
    ("PT220818", "180", "Joseph", "Green", "Brother", "Lot. 67, Jalan Tangsi 16/9, Kuala Sawah, Negeri Sembilan", "01406489217"),
    ("PT001717", "181", "Charlotte", "Diaz", "Mother", "No. 16, Jalan Yap Ah Shak 12/24, Kampung Lemal, Kelantan", "0146193169"),
    ("PT001717", "182", "Serenity", "Williams", "Sister", "1, Jalan Langgak Golf 36/32, Semenyih, Selangor", "0136463457"),
    ("PT001717", "183", "Isaac", "Thompson", "Spouse", "1, Jalan Langgak Golf 36/32, Semenyih, Selangor", "0106228117"),
    ("PT372292", "184", "Ethan", "Hill", "Father", "Lot. 36, Jalan Thambipillay 11/6, Kuala Dungun, Terengganu", "0154689752"),
    ("PT372292", "185", "Gabriella", "Hill", "Sister", "No. 66, Jalan Hang Kasturi 42/33, Kota Tinggi, Johor", "0144950255"),
    ("PT372292", "186", "Carter", "Hill", "Brother", "35, Jalan Sin Chee 26/4, Batu Kawan, Penang", "01211845483"),
    ("PT668266", "187", "Elizabeth", "Jackson", "Spouse", "No. 53, Jalan Eaton 5/23, Pokok Sena, Kedah", "01387718846"),
    ("PT272742", "188", "Chloe", "Morin", "Sister", "Lot. 57, Jalan Abdul Rahim Kajai 34/25, Lumut, Perak", "0196797522"),
    ("PT272742", "189", "John", "Morin", "Brother", "22, Jalan Abdul Rahim Kajai 13/41, Keningau, Sabah", "01124426596"),
    ("PT341632", "190", "Ariana", "Rodriguez", "Sister", "Lot. 6, Jalan Bukit Aman 35/36, Kuala Lumpur", "0153194146"),
    ("PT961975", "191", "Anna", "Bell", "Mother", "Lot. 64, Jalan Cochrane 50/7, Pulai Chondong, Kelantan", "0115576307"),
    ("PT961975", "192", "Violet", "Sullivan", "Sister", "38, Jalan Sin Chee 15/5, Marang, Terengganu", "01758801030"),
    ("PT961975", "193", "Jacob", "Sullivan", "Brother", "Lot. 64, Jalan Cochrane 50/7, Pulai Chondong, Kelantan", "0117533402"),
    ("PT793619", "194", "Maya", "Harris", "Mother", "Lot. 48, Jalan Raja Muda Abdul Aziz 13/28, Marang, Terengganu", "0130910214"),
    ("PT793619", "195", "Leo", "Morin", "Brother", "54, Jalan Tun Mohd Fuad 28/1, Bukit Tinggi, Pahang", "0112363769"),
    ("PT793619", "196", "Audrey", "Reyes", "Spouse", "63, Jalan Cenderasari 2/48, Kuala Lumpur", "0167678067"),
    ("PT968114", "197", "Hannah", "Cook", "Sister", "Lot. 50, Jalan Imbi 20/43, Muar, Johor", "01184592784"),
    ("PT968114", "198", "Theodore", "Cook", "Brother", "Lot. 50, Jalan Imbi 20/43, Muar, Johor", "01641241965"),
    ("PT690481", "199", "Mateo", "Williams", "Father", "Lot. 79, Jalan Kia Peng 10/43, Sungai Udang, Malacca", "01192780203"),
    ("PT690481", "200", "Stella", "Anderson", "Mother", "No. 42, Jalan Datuk Sulaiman 9/7, Simpang Ampat, Malacca", "0178102335"),
    ("PT690481", "201", "Madelyn", "Williams", "Sister", "Lot. 16, Jalan Sri Amar 46/50, Butterworth, Penang", "0165042982"),
    ("PT690481", "202", "Alexander", "Williams", "Brother", "66, Jalan Loke Yew 25/48, Tanjung Kling, Malacca", "0115185433"),
    ("PT191719", "203", "Samantha", "Hernandez", "Mother", "No. 12, Jalan Robertson 6/41, Kuala Lumpur", "0123695835"),
    ("PT191719", "204", "Aurora", "Côté", "Sister", "No. 56, Jalan Berhala 34/22, Kota Tinggi, Johor", "0173538828"),
    ("PT681292", "205", "Avery", "Phillips", "Sister", "No. 50, Jalan Raja Chulan 42/45, Yong Peng, Johor", "0150880388"),
    ("PT681292", "206", "John", "Phillips", "Brother", "Lot. 21, Jalan Bangsar 24/26, Labuan", "01584278616"),
    ("PT362725", "207", "Samuel", "Brooks", "Father", "Lot. 63, Jalan Talalla 25/21, Kuala Lumpur", "0165415770"),
    ("PT362725", "208", "Cora", "Johnson", "Mother", "28, Jalan Thambi Dollah 22/10, Marang, Terengganu", "0174239597"),
    ("PT362725", "209", "Ethan", "Brooks", "Brother", "No. 69, Jalan Stonor 11/26, Mambau, Negeri Sembilan", "0122232319"),
    ("PT720879", "210", "Logan", "Smith", "Father", "No. 49, Jalan Tun H S Lee 2/44, Kuala Selangor, Selangor", "01080755911"),
    ("PT720879", "211", "Cora", "Smith", "Sister", "Lot. 26, Jalan Kinabalu (part of) 13/15, Putrajaya", "0144497215"),
    ("PT720879", "212", "Jacob", "Smith", "Brother", "47, Jalan Wan Kadir 42/6, Labuan", "01342205170"),
    ("PT287289", "213", "Lucas", "Nelson", "Father", "Lot. 23, Jalan Tuanku Abdul Halim 48/6, Machap Baru, Malacca", "0196938471"),
    ("PT287289", "214", "Gabriel", "Nelson", "Brother", "Lot. 23, Jalan Tuanku Abdul Halim 48/6, Machap Baru, Malacca", "0169222093"),
    ("PT709995", "215", "Lily", "Cruz", "Mother", "Lot. 35, Jalan Tun Sambanthan 33/25, Genting Sempah, Pahang", "01793974991"),
    ("PT709995", "216", "Dylan", "Gutierrez", "Brother", "No. 66, Jalan Leong Yew Koh 22/23, Port Dickson (town), Negeri Sembilan", "0136633460"),
    ("PT709995", "217", "Dylan", "Cox", "Spouse", "No. 72, Jalan Maharajalela 19/40, Selayang, Selangor", "0146703750"),
    ("PT217719", "218", "Harper", "Côté", "Mother", "Lot. 70, Jalan Wan Kadir 42/14, Jertih, Terengganu", "01753915222"),
    ("PT851571", "219", "Lucy", "Morin", "Mother", "Lot. 1, Jalan Yap Kwan Seng 36/45, Semenyih, Selangor", "01755527358"),
    ("PT851571", "220", "Lillian", "Rodriguez", "Sister", "No. 53, Jalan Pudu Lama 26/21, Kuala Lumpur", "0186429675"),
    ("PT800759", "221", "Gabriel", "Sullivan", "Father", "62, Jalan U-Thant 37/36, Kuala Lumpur", "01703385484"),
    ("PT625389", "222", "Hazel", "Gagné", "Sister", "39, Jalan Punchak 34/22, Kuala Kangsar, Perak", "01822837319");
INSERT INTO staff VALUES
    ("SF719580", "Samuel", "Wood", "50, Jalan Aminuddin Baki 41/33, Kertih, Terengganu", "0187380375", "1957-9-5", "male", "00520627", "Personnel Officer", "7673.12", "SI", null),
    ("SF690668", "Anna", "Lee", "33, Jalan Burhanuddin Helmi 5/34, Batu Kawan, Penang", "0182675448", "1972-9-30", "female", "75480465", "Personnel Officer", "6303.90", "SI", null),
    ("SF373568", "Claire", "Green", "57, Jalan Serian 18/42, Kuala Lumpur", "01451299894", "1962-7-29", "female", "48547084", "Personnel Officer", "7590.44", "SI", null),
    ("SF944426", "Grayson", "King", "2, Jalan Abdul Rahim Kajai 27/19, Labuan", "0118057838", "1953-1-21", "male", "39772294", "Personnel Officer", "7371.94", "SI", null),
    ("SF080271", "Jackson", "Nguyen", "65, Jalan Berhala 40/34, Putrajaya", "0109205543", "1962-1-25", "male", "03246219", "Personnel Officer", "5187.13", "SI", null),
    ("SF506355", "Hannah", "Edwards", "71, Jalan Pasar Besar 23/3, Kuala Lumpur", "0192310619", "1955-6-4", "female", "69693994", "Personnel Officer", "8748.92", "SI", null),
    ("SF117623", "Lucy", "Ortiz", "5, Jalan Raja Chulan 45/49, Merlimau, Malacca", "0123607836", "1955-4-2", "female", "17022691", "Personnel Officer", "5878.52", "SI", null),
    ("SF261890", "Joseph", "Cruz", "74, Jalan Masjid India 4/33, Donggongon, Sabah", "01851671847", "1962-5-19", "male", "83851041", "Personnel Officer", "8084.06", "SI", null),
    ("SF945605", "Ariana", "Robinson", "Lot. 61, Jalan Imbi 6/8, Parit Buntar, Perak", "01645725792", "1962-1-9", "female", "17470207", "Personnel Officer", "6283.01", "SI", null),
    ("SF754913", "Anthony", "Jackson", "Lot. 46, Jalan Gereja 49/47, Kuala Lumpur", "0111176323", "1963-5-13", "male", "61856246", "Personnel Officer", "5447.48", "SI", null),
    ("SF496399", "Emma", "Rodriguez", "Lot. 9, Jalan Syed Putra 15/38, Sungai Muntoh, Negeri Sembilan", "0134486268", "1956-11-10", "female", "72995383", "Personnel Officer", "8867.97", "SI", null),
    ("SF870969", "Levi", "Martinez", "7, Jalan Thambi Dollah 26/27, Bandar Labuan, Sabah", "01307569741", "1975-3-3", "male", "28723688", "Personnel Officer", "7327.46", "SI", null),
    ("SF056845", "Autumn", "Flores", "Lot. 45, Jalan Hang Kasturi 31/40, Putrajaya", "01197583370", "1946-2-25", "female", "09847579", "Personnel Officer", "5875.95", "SI", null),
    ("SF344737", "Jack", "Sullivan", "Lot. 28, Jalan Raja Muda Abdul Aziz 7/39, Tanjung Karang, Selangor", "0164074226", "1962-8-16", "male", "49832379", "Personnel Officer", "5972.59", "SI", null),
    ("SF442157", "Wyatt", "Garcia", "No. 39, Jalan Sungai Besi 46/17, Jasin, Malacca", "01856756297", "1965-2-11", "male", "64049288", "Personnel Officer", "5023.38", "SI", null),
    ("SF656734", "Scarlett", "Sullivan", "No. 43, Jalan Doktor Latif 34/31, Kertih, Terengganu", "0117437981", "1946-11-16", "female", "73965339", "Personnel Officer", "6052.48", "SI", null),
    ("SF695999", "Brooklyn", "Myers", "No. 42, Jalan Tun Perak 4/15, Kota Belud, Sabah", "01632852616", "1952-3-8", "female", "49466892", "Personnel Officer", "5441.15", "SI", null),
    ("SF411235", "Gabriel", "Richardson", "Lot. 68, Jalan Belfield 36/30, Ringlet, Pahang", "0135008101", "1950-8-11", "male", "73253916", "Personnel Officer", "7799.39", "SI", null);
INSERT INTO staff VALUES
    ("SF627758", "Dylan", "Parker", "No. 71, Jalan Dewan Bahasa 49/12, Mambau, Negeri Sembilan", "0156081279", "1944-9-1", "male", "16465651", "Doctor of Obstetrics and gynecology", "5868.80", "SI", "SF261890"),
    ("SF857746", "Mateo", "Richardson", "Lot. 6, Jalan Punchak 12/33, Kangar, Perlis", "0197474148", "1980-7-16", "male", "46489119", "Doctor of Psychiatry", "8333.92", "SI", "SF261890"),
    ("SF755291", "Dylan", "Thompson", "No. 77, Jalan Munshi Abdullah 5/15, Putrajaya", "01076016836", "1971-1-19", "male", "85515450", "Doctor of Radiation oncology", "7025.77", "SI", "SF056845"),
    ("SF337578", "Levi", "Robinson", "No. 27, Jalan Walter Grenier 46/19, Teluk Air Tawar, Penang", "0138494650", "1942-4-28", "male", "70032895", "Doctor of Neurology", "5073.53", "SI", "SF944426"),
    ("SF120109", "Elijah", "Reed", "Lot. 66, Jalan Galloway 29/41, Alor Gajah, Malacca", "0178402986", "1940-6-10", "male", "12410953", "Senior Nurse", "5587.68", "SI", "SF506355"),
    ("SF515337", "Amelia", "Nguyen", "No. 20, Jalan Athinahapan 43/4, Kuala Perlis, Perlis", "01343852365", "1954-4-9", "female", "25864952", "Senior Nurse", "8848.54", "SI", "SF870969"),
    ("SF331054", "Harper", "Evans", "No. 5, Jalan Kinabalu (part of) 21/9, Val d'Or, Penang, Penang", "01348651996", "1980-6-8", "female", "40563521", "Medical Director", "8157.18", "SI", "SF656734"),
    ("SF023492", "Anna", "Russell", "No. 77, Jalan Mahkamah Persekutuan 45/26, Labuan", "0164504256", "1943-2-25", "female", "65937374", "Junior Nurse", "3208.32", "SL", "SF690668"),
    ("SF676888", "Jayden", "Cox", "Lot. 14, Jalan Robson 42/13, Durian Tunggal, Malacca", "0105149338", "1960-4-14", "male", "02155417", "Doctor of Pediatrics", "7778.81", "SI", "SF411235"),
    ("SF855007", "Bella", "Roberts", "Lot. 10, Jalan Tun Ismail 14/3, Machap Baru, Malacca", "01679813413", "1960-5-17", "female", "05699449", "Medical Director", "5049.19", "SI", "SF870969"),
    ("SF383676", "Jack", "Myers", "11, Jalan Dewan Bahasa 28/30, Tanjung Karang, Selangor", "0150654154", "1975-3-30", "male", "82863686", "Senior Nurse", "8892.52", "SI", "SF442157"),
    ("SF193356", "Aiden", "Peterson", "78, Jalan Tun Razak 40/30, Simpang Empat, Perak", "01067053934", "1952-6-3", "male", "99968663", "Doctor of Psychiatry", "8633.60", "SI", "SF945605"),
    ("SF630902", "Madison", "Walker", "No. 77, Jalan Dewan Bahasa 5/14, Beserah, Pahang", "01483913366", "1944-11-19", "female", "57499892", "Senior Nurse", "5996.89", "SI", "SF690668"),
    ("SF546749", "Madison", "Rodriguez", "12, Jalan Thavers 11/37, Nibong Tebal, Penang", "01610556955", "1958-8-23", "female", "44408475", "Senior Nurse", "8667.10", "SI", "SF411235"),
    ("SF547640", "Jacob", "Diaz", "34, Jalan Bukit Ceylon 37/7, Kuala Selangor, Selangor", "0137777918", "1978-8-3", "male", "78458859", "Medical Director", "6685.68", "SI", "SF411235"),
    ("SF487606", "Brooklyn", "Perry", "No. 40, Jalan Hang Lekiu 27/20, Ulu Tiram, Johor", "01802546365", "1945-10-25", "female", "15956951", "Senior Nurse", "7474.11", "SI", "SF056845"),
    ("SF401383", "Joseph", "Moore", "Lot. 47, Jalan Bukit Bintang 13/42, Kangar, Perlis", "01179561160", "1945-3-2", "male", "24936007", "Junior Nurse", "4178.98", "SL", "SF344737"),
    ("SF762927", "Elijah", "Thompson", "Lot. 57, Jalan Stadium 27/2, Kulim, Kedah", "01154947598", "1952-7-28", "male", "71181926", "Doctor of Obstetrics and gynecology", "6273.82", "SI", "SF719580"),
    ("SF783448", "Caroline", "Perez", "No. 32, Jalan Maharajalela 34/33, Tumpat, Kelantan", "01578401014", "1975-2-21", "female", "34439021", "Doctor of Radiation oncology", "7375.80", "SI", "SF870969"),
    ("SF659008", "Alexander", "Wright", "Lot. 48, Jalan Chow Kit 18/37, Taman Senai, Johor", "0161113774", "1974-10-19", "male", "38712195", "Junior Nurse", "3768.01", "SL", "SF056845"),
    ("SF981284", "Samuel", "Adams", "No. 4, Jalan Loke Yew 47/42, Kuala Terengganu, Terengganu", "01491955727", "1952-2-9", "male", "53438543", "Senior Nurse", "6345.25", "SI", "SF944426"),
    ("SF569446", "Hailey", "Lopez", "1, Jalan Raja Alang 21/29, Serendah, Selangor", "01085850959", "1945-2-24", "female", "42288023", "Doctor of Ophthalmology", "8823.43", "SI", "SF411235"),
    ("SF695361", "Isaac", "Hall", "No. 28, Jalan Pasar Besar 24/43, Miri, Sarawak", "01094727714", "1971-4-14", "male", "46544995", "Junior Nurse", "3964.23", "SL", "SF944426"),
    ("SF939987", "Jayden", "Wilson", "79, Jalan Athinahapan 30/6, Labuan", "0132935455", "1978-11-13", "male", "02118323", "Senior Nurse", "5360.89", "SI", "SF117623"),
    ("SF678145", "Sarah", "Long", "Lot. 10, Jalan Raja Chulan 16/15, Ketereh, Kelantan", "01759078906", "1969-12-28", "female", "13096386", "Doctor of Radiation oncology", "6348.09", "SI", "SF373568"),
    ("SF597429", "Daniel", "Diaz", "76, Jalan Masjid India 5/50, Labuan", "01876471840", "1973-3-21", "male", "53819617", "Medical Director", "8841.07", "SI", "SF754913"),
    ("SF638678", "Lucas", "Perez", "42, Jalan Kuda 2/16, Kota Bharu, Kelantan", "0103970077", "1942-12-23", "male", "40339733", "Junior Nurse", "4825.45", "SL", "SF056845"),
    ("SF143989", "Alexander", "Côté", "Lot. 64, Jalan Doktor Latif 21/10, Bakri, Johor", "01816686705", "1949-5-19", "male", "12622773", "Doctor of Neurology", "8874.06", "SI", "SF117623"),
    ("SF316487", "Grayson", "Bouchard", "43, Jalan Thambipillay 16/34, Beaufort, Sabah", "0173277366", "1978-3-5", "male", "95115612", "Senior Nurse", "5716.43", "SI", "SF373568"),
    ("SF271612", "Isaac", "Jackson", "Lot. 34, Jalan Raja Chulan 30/37, Sri Aman, Sarawak", "0156662793", "1978-1-15", "male", "34951717", "Doctor of Obstetrics and gynecology", "7844.41", "SI", "SF506355"),
    ("SF216324", "Owen", "Sanders", "13, Jalan Burhanuddin Helmi 40/47, Bandar Muadzam Shah, Pahang", "0107381802", "1949-1-15", "male", "94572682", "Senior Nurse", "6226.76", "SI", "SF411235"),
    ("SF103585", "James", "Ward", "Lot. 49, Jalan Ampang 21/42, Kampar, Perak", "0180792729", "1942-11-14", "male", "58070744", "Junior Nurse", "3816.93", "SL", "SF080271"),
    ("SF072000", "Eleanor", "Roy", "No. 67, Jalan Sin Chew Kee 10/38, Kuala Dungun, Terengganu", "0172429307", "1945-11-6", "female", "05710670", "Junior Nurse", "3798.36", "SL", "SF080271"),
    ("SF776060", "Amelia", "Perez", "Lot. 57, Jalan Eaton 19/36, Batang Benar, Negeri Sembilan", "0195983046", "1967-12-13", "female", "31464752", "Doctor of Ophthalmology", "5914.08", "SI", "SF695999"),
    ("SF213172", "Isaac", "Long", "Lot. 26, Jalan Robertson 15/42, Belimbing, Pahang", "01122972598", "1966-8-30", "male", "47035362", "Doctor of Dermatology", "6807.95", "SI", "SF080271"),
    ("SF528378", "Leo", "Flores", "Lot. 15, Jalan Kebun Bunga 49/15, Naning, Malacca", "01392609518", "1978-10-16", "male", "68411763", "Doctor of Internal medicine", "8374.78", "SI", "SF080271"),
    ("SF628748", "Lucas", "Murphy", "Lot. 1, Jalan Dewan Bahasa 16/29, Arau, Perlis", "01895881885", "1976-10-6", "male", "10172213", "Doctor of Psychiatry", "7812.08", "SI", "SF117623"),
    ("SF457445", "Matthew", "Martinez", "58, Jalan Pahang 42/3, Putrajaya", "0195101902", "1964-3-13", "male", "54218835", "Senior Nurse", "7929.34", "SI", "SF944426"),
    ("SF131941", "Ruby", "Cook", "Lot. 69, Jalan Eaton 33/50, Teluk Kumbar, Penang", "0108310936", "1973-8-22", "female", "58507474", "Senior Nurse", "7639.32", "SI", "SF870969"),
    ("SF284751", "Alexander", "Edwards", "No. 41, Jalan Syed Putra 7/46, Miri, Sarawak", "0117290514", "1965-3-3", "male", "61747048", "Senior Nurse", "7181.55", "SI", "SF690668"),
    ("SF067549", "Harper", "Phillips", "No. 61, Jalan Pantai Baharu 6/27, Putrajaya", "0183268382", "1970-8-11", "female", "23999622", "Medical Director", "5994.31", "SI", "SF690668"),
    ("SF446458", "Violet", "King", "Lot. 45, Jalan Dewan Bahasa 26/9, Kluang, Johor", "01769553075", "1944-7-16", "female", "59316807", "Medical Director", "6655.72", "SI", "SF344737"),
    ("SF048623", "Abigail", "Reyes", "Lot. 22, Jalan Kuching 39/28, Penanti, Penang", "01764894981", "1947-6-25", "female", "70354874", "Doctor of Neurology", "7137.91", "SI", "SF944426"),
    ("SF675228", "Ethan", "Johnson", "23, Jalan Yaacob Latif 1/41, Pokok Sena, Kedah", "0165085480", "1952-12-24", "male", "58719255", "Doctor of Radiation oncology", "7499.99", "SI", "SF117623"),
    ("SF828986", "Oliver", "Carter", "32, Jalan Ampang 50/8, Tanah Merah, Kelantan", "0105168481", "1961-4-8", "male", "53667761", "Doctor of Radiation oncology", "6740.90", "SI", "SF506355"),
    ("SF898310", "Camila", "Adams", "70, Jalan Tun Tan Siew Sin 38/28, Kuala Lumpur", "01937826349", "1945-4-15", "female", "87801169", "Doctor of Neurology", "5286.28", "SI", "SF754913"),
    ("SF002786", "Jack", "Reed", "No. 11, Jalan Haji Yahya Sheikh Ahmad 38/12, Labuan", "0193551132", "1975-3-7", "male", "77407467", "Doctor of Radiation oncology", "8709.37", "SI", "SF411235"),
    ("SF366323", "Jack", "Bell", "No. 26, Jalan Burhanuddin Helmi 3/34, Batu Kikir, Negeri Sembilan", "0156941336", "1942-8-4", "male", "14879001", "Doctor of Psychiatry", "8405.15", "SI", "SF496399"),
    ("SF229821", "Genesis", "Scott", "52, Jalan Raja Chulan 12/27, Papar, Sabah", "01641413027", "1946-5-5", "female", "62336346", "Senior Nurse", "5296.34", "SI", "SF411235"),
    ("SF693364", "Scarlett", "Cruz", "No. 33, Jalan Yap Tai Chi 31/33, Simanggang, Sarawak", "0134023928", "1949-9-22", "female", "20018495", "Doctor of Radiation oncology", "5550.57", "SI", "SF754913"),
    ("SF464318", "Matthew", "Gagnon", "53, Jalan Pudu 5/28, Kulim, Kedah", "01840605606", "1977-12-15", "male", "54860768", "Doctor of Dermatology", "7122.20", "SI", "SF754913"),
    ("SF782869", "Mateo", "Peterson", "No. 32, Jalan Kinabalu (part of) 45/31, Sungai Gadut, Negeri Sembilan", "0176535712", "1973-12-29", "male", "41082769", "Senior Nurse", "7464.26", "SI", "SF411235"),
    ("SF054397", "Natalie", "Scott", "76, Jalan Pudu Lama 30/18, Sekudai, Johor", "0160393224", "1952-8-4", "female", "10205918", "Senior Nurse", "8633.96", "SI", "SF719580"),
    ("SF943500", "Elijah", "Sanchez", "Lot. 6, Jalan Faraday 24/3, Kuala Dungun, Terengganu", "01416689187", "1943-3-10", "male", "89310939", "Senior Nurse", "7448.47", "SI", "SF344737"),
    ("SF392042", "Zoe", "Mitchell", "Lot. 12, Jalan Balai Polis 20/44, Kampar, Perak", "01361651399", "1946-4-11", "female", "04149173", "Senior Nurse", "8387.68", "SI", "SF496399"),
    ("SF028649", "Aubrey", "Myers", "Lot. 45, Jalan MARA 32/26, Kangar, Perlis", "0177911556", "1944-2-7", "female", "62589441", "Doctor of Psychiatry", "5501.09", "SI", "SF945605"),
    ("SF530975", "Camila", "Long", "No. 41, Jalan Balai Polis 46/11, Kuala Lumpur", "0160219131", "1980-10-10", "female", "01684356", "Senior Nurse", "5752.47", "SI", "SF056845"),
    ("SF655037", "Wyatt", "Williams", "Lot. 40, Jalan Ceylon 49/20, Putrajaya", "0174465736", "1974-10-6", "male", "90680195", "Medical Director", "5547.92", "SI", "SF080271"),
    ("SF267361", "Victoria", "Parker", "26, Jalan Eaton 16/33, Parit Raja, Johor", "01759796924", "1972-11-16", "female", "10622575", "Junior Nurse", "3634.74", "SL", "SF373568"),
    ("SF153583", "Carter", "Fisher", "Lot. 5, Jalan Bukit Bintang 8/17, Putrajaya", "0157270426", "1968-7-18", "male", "35870864", "Doctor of Dermatology", "6359.19", "SI", "SF344737"),
    ("SF401559", "Julian", "Collins", "Lot. 3, Jalan Mahkamah Persekutuan 11/11, Arau, Perlis", "01930151335", "1972-4-21", "male", "06595355", "Doctor of Obstetrics and gynecology", "6678.20", "SI", "SF117623"),
    ("SF456611", "Addison", "Watson", "No. 17, Jalan Wesley 14/15, Kangar, Perlis", "01928058508", "1940-9-16", "female", "28194799", "Junior Nurse", "3910.99", "SL", "SF944426"),
    ("SF266671", "Ava", "Jackson", "43, Jalan Yew 36/18, Sri Aman, Sarawak", "01114019119", "1969-7-4", "female", "28347003", "Doctor of Pediatrics", "7762.01", "SI", "SF944426"),
    ("SF562345", "Mia", "Sullivan", "Lot. 34, Jalan Imbi 18/38, Miri, Sarawak", "01108597132", "1971-8-5", "female", "99033607", "Medical Director", "5676.37", "SI", "SF690668"),
    ("SF340758", "Jacob", "Rogers", "No. 30, Jalan Thambipillay 20/44, Petaling Jaya, Selangor", "0193315412", "1980-4-13", "male", "83400678", "Senior Nurse", "8367.24", "SI", "SF261890"),
    ("SF075711", "Isla", "Gomez", "No. 7, Jalan Perdana 5/41, Pokok Sena, Kedah", "0149338541", "1941-1-10", "female", "17380782", "Junior Nurse", "3629.71", "SL", "SF344737"),
    ("SF590220", "Aiden", "White", "Lot. 53, Jalan Chow Kit 47/39, Simpang Empat, Perak", "0190837187", "1970-8-17", "male", "79215921", "Doctor of Obstetrics and gynecology", "6898.00", "SI", "SF945605"),
    ("SF260230", "Carter", "Robinson", "64, Jalan Samarahan 47/33, Ketereh, Kelantan", "0197521373", "1964-2-24", "male", "85373107", "Doctor of Radiation oncology", "8818.52", "SI", "SF080271"),
    ("SF654621", "Sebastian", "Green", "Lot. 68, Jalan Tuanku Jaafar 34/31, Labuan", "0184860929", "1970-6-17", "male", "35517545", "Senior Nurse", "8179.84", "SI", "SF870969"),
    ("SF796164", "Lucy", "Lavoie", "Lot. 47, Jalan Pasar Besar 7/5, Jitra, Kedah", "01165964902", "1964-7-15", "female", "87947497", "Junior Nurse", "3599.89", "SL", "SF496399"),
    ("SF862092", "Samuel", "Thompson", "No. 64, Jalan Raja Chulan 2/32, Sarikei, Sarawak", "0148722362", "1940-8-8", "male", "99095654", "Doctor of Dermatology", "8515.78", "SI", "SF411235"),
    ("SF849370", "Aaliyah", "Sullivan", "66, Jalan Aminuddin Baki 28/23, Tanah Merah, Kelantan", "01870418055", "1949-1-2", "female", "52795775", "Senior Nurse", "8294.29", "SI", "SF870969"),
    ("SF376708", "Skylar", "Sullivan", "79, Jalan Davis 24/49, Kuah, Kedah", "0155157003", "1960-12-2", "female", "98831616", "Medical Director", "7753.41", "SI", "SF754913"),
    ("SF038312", "Madison", "Gutierrez", "No. 64, Jalan U-Thant 37/8, Buloh Kasap, Johor", "0122044239", "1955-9-29", "female", "55451434", "Senior Nurse", "7899.28", "SI", "SF117623"),
    ("SF333071", "Kinsley", "Roy", "Lot. 50, Jalan Sultan Ismail 44/13, Kuala Lumpur", "01068635147", "1961-10-7", "female", "19493184", "Senior Nurse", "6498.85", "SI", "SF656734"),
    ("SF006280", "John", "Green", "56, Jalan Aminuddin Baki 24/50, Parit Buntar, Perak", "0127826758", "1973-1-7", "male", "99353546", "Doctor of Radiation oncology", "7295.66", "SI", "SF056845"),
    ("SF831911", "Oliver", "Walker", "Lot. 23, Jalan Choo Cheeng Kay 39/23, Subang Jaya, Selangor", "0169334604", "1948-6-25", "male", "06417555", "Medical Director", "5301.42", "SI", "SF506355"),
    ("SF423758", "Grayson", "Powell", "Lot. 58, Jalan Zaaba 15/22, Bandar Seri Jempol, Negeri Sembilan", "0128443418", "1979-12-15", "male", "15707582", "Senior Nurse", "7026.28", "SI", "SF117623"),
    ("SF546599", "Skylar", "James", "No. 58, Jalan Hamid Ismail 28/38, Brinchang, Pahang", "01483597703", "1978-11-21", "female", "74414587", "Doctor of Pediatrics", "6106.05", "SI", "SF944426"),
    ("SF660429", "Lucas", "Roberts", "30, Jalan Berhala 21/45, Putrajaya", "01551470542", "1965-2-12", "male", "97893462", "Medical Director", "7496.12", "SI", "SF506355"),
    ("SF752059", "Allison", "Fisher", "No. 28, Jalan Bangsar 39/12, Naning, Malacca", "0117788287", "1952-10-18", "female", "32350098", "Doctor of Dermatology", "8957.89", "SI", "SF261890"),
    ("SF007459", "Natalie", "Allen", "19, Jalan Madge 26/23, Kangar, Perlis", "0139092941", "1952-10-28", "female", "53472383", "Junior Nurse", "3917.35", "SL", "SF056845");
INSERT INTO working_exp VALUES
    ("SF627758", "1999-3-10", "Kuala Lumpur Hospital", "Personnel Officer", "728364"),
    ("SF627758", "1991-2-11", "University Malaya Specialist Centre (UMSC)", "Junior Nurse", "726908"),
    ("SF857746", "2008-1-21", "Hospital Selayang", "Doctor of Pediatrics", "730912"),
    ("SF755291", "1997-10-22", "Hospital Jengka", "Medical Director", "727272"),
    ("SF755291", "2001-2-23", "Hospital Lahad Datu", "Junior Nurse", "730548"),
    ("SF337578", "1969-3-26", "Hospital Selayang", "Doctor of Dermatology", "718172"),
    ("SF337578", "1996-2-20", "Hospital Rembau", "Doctor of Internal medicine", "728000"),
    ("SF337578", "1970-1-7", "University Malaya Specialist Centre (UMSC)", "Doctor of Neurology", "726544"),
    ("SF120109", "1966-11-27", "Hospital Semporna", "Personnel Officer", "717080"),
    ("SF515337", "1986-10-22", "University Malaya Medical Centre", "Senior Nurse", "725452"),
    ("SF515337", "1991-10-20", "Hospital Sipitang", "Doctor of Psychiatry", "727636"),
    ("SF515337", "2003-8-25", "Hospital Jengka", "Doctor of Internal medicine", "730184"),
    ("SF331054", "2010-1-26", "Hospital Ranau", "Personnel Officer", "732368"),
    ("SF331054", "2008-4-4", "Hospital Angkatan Tentera Tuanku Mizan", "Doctor of Internal medicine", "732368"),
    ("SF023492", "1990-9-23", "Hospital Jengka", "Senior Nurse", "724360"),
    ("SF719580", "1990-1-19", "Hospital Ranau", "Personnel Officer", "725088"),
    ("SF676888", "1986-10-26", "Hospital Jelebu", "Junior Nurse", "723632"),
    ("SF855007", "1986-5-19", "Hospital Papar", "Doctor of Neurology", "722904"),
    ("SF855007", "1986-10-15", "Hospital Lahad Datu", "Medical Director", "723268"),
    ("SF690668", "1999-8-17", "Hospital Rehabilitasi Cheras", "Personnel Officer", "727636"),
    ("SF690668", "2000-7-8", "University Malaya Medical Centre", "Medical Director", "728000"),
    ("SF193356", "1982-11-24", "Hospital Port Dickson", "Doctor of Dermatology", "722176"),
    ("SF193356", "1992-11-4", "Hospital Kajang", "Doctor of Neurology", "725452"),
    ("SF630902", "1972-12-1", "Hospital Kuala Penyu", "Medical Director", "719264"),
    ("SF546749", "1997-4-7", "Hospital Ranau", "Doctor of Dermatology", "728364"),
    ("SF546749", "1990-10-19", "Hospital Lahad Datu", "Junior Nurse", "728364"),
    ("SF546749", "1995-1-6", "Hospital Jempol", "Junior Nurse", "728364"),
    ("SF547640", "2004-4-4", "Hospital Port Dickson", "Senior Nurse", "729456"),
    ("SF487606", "1984-11-5", "Hospital Tanjung Karang", "Personnel Officer", "722176"),
    ("SF487606", "1974-7-19", "Hospital Sungai Buloh", "Senior Nurse", "718536"),
    ("SF401383", "1975-9-1", "Hospital Jempol", "Senior Nurse", "718900"),
    ("SF373568", "1989-3-5", "Hospital Sungai Buloh", "Personnel Officer", "729092"),
    ("SF659008", "2000-11-28", "University Malaya Specialist Centre (UMSC)", "Senior Nurse", "728000"),
    ("SF981284", "1994-12-22", "Hospital Ranau", "Doctor of Psychiatry", "726180"),
    ("SF981284", "1987-12-28", "Hospital Jelebu", "Doctor of Obstetrics and gynecology", "723268"),
    ("SF981284", "1985-12-4", "Hospital Jelebu", "Doctor of Radiation oncology", "723996"),
    ("SF569446", "1979-9-19", "Hospital Kudat", "Junior Nurse", "720356"),
    ("SF569446", "1974-3-18", "Hospital Sungai Buloh", "Personnel Officer", "718536"),
    ("SF695361", "1999-6-12", "University Malaya Medical Centre", "Junior Nurse", "728364"),
    ("SF695361", "1996-7-14", "Hospital Tampin", "Personnel Officer", "729456"),
    ("SF944426", "1982-7-19", "Hospital Papar", "Doctor of Neurology", "721448"),
    ("SF939987", "2009-8-15", "Hospital Sungai Buloh", "Personnel Officer", "731640"),
    ("SF939987", "2009-2-25", "Hospital Rehabilitasi Cheras", "Medical Director", "732004"),
    ("SF939987", "2007-8-17", "Kuala Lumpur Hospital", "Senior Nurse", "731640"),
    ("SF678145", "1995-2-3", "Hospital Ranau", "Senior Nurse", "726180"),
    ("SF597429", "2003-1-20", "Hospital Kuala Kubu Baru", "Senior Nurse", "729456"),
    ("SF597429", "2004-6-6", "Hospital Kuala Kubu Baru", "Personnel Officer", "729456"),
    ("SF638678", "1970-1-19", "Hospital Papar", "Doctor of Obstetrics and gynecology", "717080"),
    ("SF638678", "1968-6-15", "Hospital Port Dickson", "Senior Nurse", "716716"),
    ("SF143989", "1992-12-29", "Hospital Selayang", "Doctor of Dermatology", "725816"),
    ("SF143989", "1982-11-28", "University Malaya Specialist Centre (UMSC)", "Senior Nurse", "722904"),
    ("SF316487", "2007-4-2", "Hospital Ranau", "Junior Nurse", "730548"),
    ("SF316487", "2008-2-10", "Hospital Lahad Datu", "Senior Nurse", "730912"),
    ("SF080271", "1989-12-19", "Universiti Kebangsaan Malaysia Medical Centre (PPUKM)", "Doctor of Dermatology", "723996"),
    ("SF080271", "1987-11-11", "Hospital Jengka", "Doctor of Radiation oncology", "723268"),
    ("SF506355", "1998-8-5", "Hospital Ranau", "Personnel Officer", "732004"),
    ("SF216324", "1984-3-22", "Hospital Cameron Highlands", "Junior Nurse", "722540"),
    ("SF103585", "1988-8-19", "Hospital Jempol", "Doctor of Dermatology", "726908"),
    ("SF117623", "1981-8-11", "Hospital Tanjung Karang", "Doctor of Internal medicine", "721812"),
    ("SF117623", "1984-9-6", "Hospital Semporna", "Doctor of Neurology", "722176"),
    ("SF117623", "1983-3-6", "Hospital Tampin", "Junior Nurse", "721812"),
    ("SF072000", "1973-1-15", "Hospital Cameron Highlands", "Doctor of Obstetrics and gynecology", "719992"),
    ("SF776060", "2009-7-15", "Hospital Kajang", "Senior Nurse", "731276"),
    ("SF213172", "1996-8-8", "Hospital Semporna", "Medical Director", "726908"),
    ("SF213172", "1992-7-9", "Hospital Jengka", "Personnel Officer", "725088"),
    ("SF528378", "2006-7-11", "University Malaya Specialist Centre (UMSC)", "Medical Director", "731640"),
    ("SF457445", "1990-10-22", "Hospital Rembau", "Senior Nurse", "724360"),
    ("SF457445", "1990-7-30", "Hospital Tampin", "Medical Director", "724724"),
    ("SF131941", "2001-4-3", "Hospital Kudat", "Doctor of Internal medicine", "732368"),
    ("SF131941", "2005-12-24", "Hospital Rembau", "Personnel Officer", "729820"),
    ("SF131941", "2010-7-19", "University Malaya Specialist Centre (UMSC)", "Doctor of Ophthalmology", "732368"),
    ("SF067549", "1996-2-23", "Kuala Lumpur Hospital", "Personnel Officer", "727272"),
    ("SF446458", "1984-9-9", "Hospital Muadzam Shah", "Senior Nurse", "722176"),
    ("SF048623", "1997-7-3", "Hospital Tampin", "Junior Nurse", "728364"),
    ("SF675228", "1979-1-2", "Hospital Kudat", "Junior Nurse", "720356"),
    ("SF675228", "1978-2-11", "Hospital Sultan Haji Ahmad Shah, Temerloh", "Doctor of Obstetrics and gynecology", "719992"),
    ("SF828986", "1999-6-3", "Kuala Lumpur Hospital", "Senior Nurse", "728000"),
    ("SF898310", "1974-2-27", "Hospital Ranau", "Senior Nurse", "723268"),
    ("SF898310", "1985-10-3", "Hospital Rembau", "Medical Director", "729820"),
    ("SF898310", "1993-4-15", "Hospital Kudat", "Junior Nurse", "728364"),
    ("SF261890", "1990-12-1", "Hospital Ranau", "Doctor of Psychiatry", "725088"),
    ("SF261890", "1988-4-27", "Hospital Sipitang", "Doctor of Pediatrics", "725452"),
    ("SF261890", "1992-2-1", "Kuala Lumpur Hospital", "Personnel Officer", "726180"),
    ("SF366323", "1971-4-11", "University Malaya Medical Centre", "Senior Nurse", "717444"),
    ("SF229821", "1971-1-2", "Hospital Port Dickson", "Junior Nurse", "718900"),
    ("SF229821", "1976-3-10", "Hospital Semporna", "Doctor of Radiation oncology", "720720"),
    ("SF693364", "1989-7-7", "Hospital Mesra Bukit Padang", "Medical Director", "724724"),
    ("SF693364", "1979-2-20", "Hospital Sipitang", "Doctor of Psychiatry", "723632"),
    ("SF464318", "2005-5-2", "University Malaya Medical Centre", "Personnel Officer", "730912"),
    ("SF464318", "2004-2-13", "Hospital Rehabilitasi Cheras", "Personnel Officer", "729456"),
    ("SF054397", "1983-8-7", "Hospital Kudat", "Medical Director", "722904"),
    ("SF943500", "1975-11-11", "Hospital Kajang", "Senior Nurse", "719628"),
    ("SF392042", "1978-12-13", "Hospital Port Dickson", "Senior Nurse", "719992"),
    ("SF392042", "1975-7-27", "Universiti Kebangsaan Malaysia Medical Centre (PPUKM)", "Doctor of Dermatology", "719264"),
    ("SF392042", "1972-10-3", "Hospital Kuala Kubu Baru", "Junior Nurse", "719264"),
    ("SF028649", "1984-4-15", "University Malaya Medical Centre", "Senior Nurse", "722176"),
    ("SF530975", "2005-2-9", "Hospital Sungai Buloh", "Medical Director", "729820"),
    ("SF267361", "1999-4-2", "Universiti Kebangsaan Malaysia Medical Centre (PPUKM)", "Senior Nurse", "727636"),
    ("SF945605", "1989-9-4", "Hospital Semporna", "Junior Nurse", "724360"),
    ("SF945605", "1988-4-5", "Hospital Ranau", "Personnel Officer", "723632"),
    ("SF401559", "2002-10-24", "Hospital Sultan Haji Ahmad Shah, Temerloh", "Medical Director", "730548"),
    ("SF456611", "1982-5-23", "Hospital Sipitang", "Personnel Officer", "725452"),
    ("SF456611", "2008-10-25", "Hospital Rehabilitasi Cheras", "Personnel Officer", "730912"),
    ("SF754913", "2001-7-19", "Hospital Tampin", "Senior Nurse", "729820"),
    ("SF562345", "2005-10-29", "Hospital Semporna", "Senior Nurse", "730548"),
    ("SF075711", "1967-5-9", "Kuala Lumpur Hospital", "Medical Director", "717080"),
    ("SF496399", "1981-10-29", "Hospital Kajang", "Senior Nurse", "722540"),
    ("SF496399", "1990-6-14", "University Malaya Specialist Centre (UMSC)", "Senior Nurse", "724360"),
    ("SF260230", "1993-11-15", "Universiti Kebangsaan Malaysia Medical Centre (PPUKM)", "Personnel Officer", "726908"),
    ("SF260230", "1994-3-16", "Hospital Muadzam Shah", "Senior Nurse", "727272"),
    ("SF870969", "2004-5-20", "Hospital Port Dickson", "Medical Director", "729820"),
    ("SF654621", "1997-6-3", "Hospital Rehabilitasi Cheras", "Personnel Officer", "727636"),
    ("SF654621", "1998-5-3", "Hospital Kuala Kubu Baru", "Senior Nurse", "727636"),
    ("SF796164", "2005-9-9", "Hospital Jelebu", "Medical Director", "730548"),
    ("SF796164", "2002-9-19", "Hospital Jelebu", "Senior Nurse", "729456"),
    ("SF862092", "1965-8-13", "University Malaya Medical Centre", "Doctor of Dermatology", "716352"),
    ("SF862092", "1970-4-8", "Hospital Papar", "Medical Director", "717080"),
    ("SF849370", "1980-8-19", "University Malaya Medical Centre", "Junior Nurse", "729820"),
    ("SF376708", "1993-6-28", "Hospital Kajang", "Doctor of Neurology", "725816"),
    ("SF056845", "1983-11-1", "Hospital Selayang", "Doctor of Pediatrics", "725088"),
    ("SF056845", "1977-1-20", "Hospital Tampin", "Junior Nurse", "723996"),
    ("SF344737", "1997-11-4", "University Malaya Specialist Centre (UMSC)", "Personnel Officer", "727272"),
    ("SF344737", "1998-1-23", "Hospital Ranau", "Doctor of Ophthalmology", "727272"),
    ("SF038312", "1991-4-24", "Hospital Kudat", "Personnel Officer", "728728"),
    ("SF038312", "1990-2-6", "Hospital Kajang", "Personnel Officer", "728000"),
    ("SF333071", "1986-8-6", "Hospital Tanjung Karang", "Personnel Officer", "723632"),
    ("SF333071", "1987-1-2", "Hospital Kudat", "Doctor of Dermatology", "723996"),
    ("SF333071", "1988-6-28", "Hospital Ranau", "Junior Nurse", "723632"),
    ("SF442157", "1994-6-30", "Hospital Kudat", "Doctor of Ophthalmology", "726544"),
    ("SF442157", "1993-12-20", "Hospital Semporna", "Medical Director", "726180"),
    ("SF442157", "1995-11-4", "Universiti Kebangsaan Malaysia Medical Centre (PPUKM)", "Senior Nurse", "726544"),
    ("SF656734", "1988-1-25", "Hospital Jengka", "Doctor of Obstetrics and gynecology", "725816"),
    ("SF656734", "1985-7-18", "Hospital Ranau", "Medical Director", "729092"),
    ("SF831911", "1973-6-2", "Hospital Cameron Highlands", "Personnel Officer", "719992"),
    ("SF695999", "1991-2-14", "Hospital Cameron Highlands", "Doctor of Pediatrics", "726908"),
    ("SF411235", "1979-8-10", "Hospital Sipitang", "Doctor of Dermatology", "722904"),
    ("SF411235", "1987-3-8", "Hospital Rembau", "Personnel Officer", "723268"),
    ("SF546599", "2005-6-23", "Hospital Mesra Bukit Padang", "Doctor of Internal medicine", "730184"),
    ("SF546599", "2003-4-22", "Hospital Serdang", "Doctor of Internal medicine", "729820"),
    ("SF546599", "2005-12-7", "University Malaya Specialist Centre (UMSC)", "Doctor of Obstetrics and gynecology", "730184"),
    ("SF660429", "1990-1-9", "Hospital Rehabilitasi Cheras", "Doctor of Ophthalmology", "724724"),
    ("SF660429", "1990-5-18", "Hospital Semporna", "Personnel Officer", "724724"),
    ("SF660429", "1991-8-10", "Hospital Rembau", "Doctor of Obstetrics and gynecology", "724724"),
    ("SF752059", "1985-12-2", "Hospital Jempol", "Senior Nurse", "722540"),
    ("SF752059", "1978-2-22", "Hospital Rembau", "Medical Director", "720720"),
    ("SF752059", "1979-10-28", "Hospital Serdang", "Medical Director", "722176"),
    ("SF007459", "1978-11-17", "Hospital Rehabilitasi Cheras", "Junior Nurse", "720356"),
    ("SF007459", "1983-1-5", "Hospital Papar", "Medical Director", "723632");
INSERT INTO staff_short_term VALUES
    ("SF857746", "2009-8-8", "62"),
    ("SF515337", "2007-1-15", "66"),
    ("SF331054", "2015-9-2", "52"),
    ("SF023492", "2006-10-7", "85"),
    ("SF719580", "1996-1-30", "84"),
    ("SF690668", "2001-9-1", "72"),
    ("SF193356", "1997-4-26", "35"),
    ("SF630902", "2010-10-5", "77"),
    ("SF547640", "2005-10-14", "99"),
    ("SF401383", "1977-2-10", "37"),
    ("SF373568", "2014-7-9", "37"),
    ("SF783448", "2000-3-22", "33"),
    ("SF981284", "1996-3-4", "58"),
    ("SF695361", "2011-12-12", "38"),
    ("SF944426", "1987-7-11", "68"),
    ("SF939987", "2013-2-10", "53"),
    ("SF597429", "2005-11-14", "80"),
    ("SF638678", "1971-7-2", "86"),
    ("SF143989", "2010-1-13", "75"),
    ("SF506355", "2015-5-26", "77"),
    ("SF271612", "2006-7-11", "61"),
    ("SF117623", "1985-9-22", "35"),
    ("SF776060", "2014-8-19", "80"),
    ("SF528378", "2011-7-1", "74"),
    ("SF284751", "1991-4-10", "99"),
    ("SF067549", "2001-6-12", "37"),
    ("SF048623", "2008-2-21", "87"),
    ("SF828986", "2005-11-18", "79"),
    ("SF898310", "2011-12-21", "72"),
    ("SF002786", "2013-4-5", "39"),
    ("SF366323", "1974-4-23", "100"),
    ("SF229821", "1985-12-18", "86"),
    ("SF693364", "2009-3-10", "71"),
    ("SF782869", "2002-2-26", "60"),
    ("SF054397", "1987-8-26", "69"),
    ("SF392042", "1979-7-20", "36"),
    ("SF028649", "1985-12-27", "84"),
    ("SF267361", "2001-8-4", "40"),
    ("SF153583", "2008-3-19", "63"),
    ("SF401559", "2010-3-27", "44"),
    ("SF754913", "2015-6-8", "62"),
    ("SF340758", "2005-4-28", "96"),
    ("SF075711", "1973-6-16", "81"),
    ("SF496399", "1991-8-18", "81"),
    ("SF260230", "2000-9-28", "95"),
    ("SF862092", "1971-10-25", "42"),
    ("SF344737", "1999-4-5", "62"),
    ("SF038312", "2004-9-10", "83"),
    ("SF333071", "1990-10-20", "32"),
    ("SF442157", "1997-6-19", "49"),
    ("SF831911", "1985-8-9", "96"),
    ("SF423758", "2005-1-27", "48"),
    ("SF411235", "1988-2-26", "83"),
    ("SF660429", "1992-5-22", "31"),
    ("SF007459", "1990-2-7", "47");
INSERT INTO staff_long_term VALUES
    ("SF627758", "2004-5-25"),
    ("SF755291", "2010-9-26"),
    ("SF337578", "2002-12-19"),
    ("SF120109", "1981-11-19"),
    ("SF676888", "1990-3-18"),
    ("SF855007", "1988-10-10"),
    ("SF383676", "2009-2-12"),
    ("SF546749", "2003-11-19"),
    ("SF487606", "1985-5-4"),
    ("SF762927", "1977-9-17"),
    ("SF659008", "2001-5-14"),
    ("SF569446", "1980-9-22"),
    ("SF678145", "1997-3-22"),
    ("SF316487", "2009-4-5"),
    ("SF080271", "1991-12-11"),
    ("SF216324", "1989-2-28"),
    ("SF103585", "1999-11-6"),
    ("SF072000", "2006-12-4"),
    ("SF213172", "1998-7-20"),
    ("SF628748", "2001-11-25"),
    ("SF457445", "1992-1-22"),
    ("SF131941", "2015-6-22"),
    ("SF446458", "1988-3-23"),
    ("SF675228", "1980-4-14"),
    ("SF261890", "2001-11-28"),
    ("SF464318", "2013-11-11"),
    ("SF943500", "1986-5-23"),
    ("SF530975", "2012-3-8"),
    ("SF655037", "2009-1-6"),
    ("SF945605", "1992-4-6"),
    ("SF456611", "2009-5-13"),
    ("SF266671", "1995-6-9"),
    ("SF562345", "2014-3-18"),
    ("SF590220", "1995-7-13"),
    ("SF870969", "2006-7-20"),
    ("SF654621", "2000-6-1"),
    ("SF796164", "2008-12-9"),
    ("SF849370", "2012-2-25"),
    ("SF376708", "1998-11-4"),
    ("SF056845", "1993-9-22"),
    ("SF006280", "2011-3-25"),
    ("SF656734", "2010-5-12"),
    ("SF695999", "2006-6-1"),
    ("SF546599", "2007-5-2"),
    ("SF752059", "1990-6-4");
INSERT INTO cert_staff VALUES
    ("SF627758", "1968-5-14", "Universiti Islam Antarabangsa Sultan Abdul Halim Mu’adzam Shah", "BsC of Medication"),
    ("SF857746", "2005-1-10", "Management and Science University (MSU)", "BsC of Psychiatry"),
    ("SF755291", "1995-4-17", "Putra Business School", "Master of Bio Chemistry"),
    ("SF337578", "1967-8-16", "Universiti Putra Malaysia (UPM)", "Master of Neurology"),
    ("SF120109", "1964-2-22", "Universiti Sains Malaysia (USM)", "BsC Hons of Nursing"),
    ("SF515337", "1978-7-20", "Universiti Tunku Abdul Rahman (UTAR)", "BsC of Nursing"),
    ("SF331054", "2004-3-9", "Management and Science University (MSU)", "Master of Hospital Management"),
    ("SF023492", "1967-6-28", "Al-Madinah International University (MEDIU)", "BsC Hons of Nursing"),
    ("SF719580", "1982-12-26", "Universiti Islam Antarabangsa Malaysia (UIAM)", "BsC Hons of Medication"),
    ("SF676888", "1984-1-21", "Universiti Teknologi MARA (UiTM)", "Master of Pediatrics"),
    ("SF855007", "1985-2-28", "City University", "BsC Hons of Medication Management"),
    ("SF690668", "1997-8-14", "Putra Business School", "BsC of Healthcare Management"),
    ("SF383676", "1999-2-2", "International University of Malaya-Wales", "Master of Nursing"),
    ("SF193356", "1977-6-16", "Open University Malaysia (OUM)", "BsC Hons of Bio Chemistry"),
    ("SF630902", "1969-10-2", "Universiti Pendidikan Sultan Idris (UPSI)", "Master of Nursing"),
    ("SF546749", "1982-6-25", "Binary University of Management and Entrepreneurship", "BsC Hons of Nursing"),
    ("SF547640", "2003-6-27", "Al-Madinah International University (MEDIU)", "BsC Hons of Hospital Management"),
    ("SF487606", "1969-10-11", "Universiti Malaysia Perlis (UniMAP)", "Master of Nursing"),
    ("SF401383", "1969-2-1", "Raffles University Iskandar (RUI)", "BsC of Nursing"),
    ("SF373568", "1986-2-19", "Universiti Pertahanan Nasional Malaysia, (UPNM)", "Master of Medication Management"),
    ("SF762927", "1977-7-25", "Universiti Tun Hussein Onn Malaysia (UTHM)", "Master of Bio Chemistry"),
    ("SF783448", "1999-1-29", "Sunway University", "Master of Medication"),
    ("SF659008", "1999-8-9", "Malaysia Institute of Supply Chain Innovation (MISI)", "Master of Nursing"),
    ("SF981284", "1977-4-2", "Asia e University (AeU)", "Master of Nursing"),
    ("SF569446", "1969-10-20", "International Centre for Education in Islamic Finance (INCEIF)", "BsC Hons of Bio Chemistry"),
    ("SF695361", "1995-7-7", "Meritus University", "Master of Nursing"),
    ("SF944426", "1977-9-18", "Taylor’s University", "Master of Healthcare Management"),
    ("SF939987", "2002-2-6", "Infrastructure University Kuala Lumpur (IUKL)", "BsC of Nursing"),
    ("SF678145", "1993-8-24", "Universiti Malaysia Perlis (UniMAP)", "Master of Radiation oncology"),
    ("SF597429", "1998-11-13", "Raffles University Iskandar (RUI)", "BsC of Medication Management"),
    ("SF638678", "1967-11-7", "DRB-HICOM University of Automotive Malaysia", "BsC Hons of Nursing"),
    ("SF143989", "1974-7-26", "Putra Business School", "BsC of Neurology"),
    ("SF316487", "2002-3-24", "International Centre for Education in Islamic Finance (INCEIF)", "BsC of Nursing"),
    ("SF080271", "1987-7-30", "Universiti Sains Malaysia (USM)", "BsC of Hospital Management"),
    ("SF506355", "1979-10-7", "Universiti Tun Hussein Onn Malaysia (UTHM)", "BsC of Medication"),
    ("SF271612", "2002-12-26", "Universiti Islam Antarabangsa Sultan Abdul Halim Mu’adzam Shah", "BsC Hons of Bio Chemistry"),
    ("SF216324", "1973-4-16", "Universiti Tenaga Nasional (UNITEN)", "Master of Nursing"),
    ("SF103585", "1966-10-28", "SEGi University", "Master of Nursing"),
    ("SF117623", "1979-3-6", "Universiti Teknikal Malaysia Melaka (UTeM)", "Master of Medication"),
    ("SF072000", "1969-11-28", "Universiti Teknologi Petronas (UTP)", "BsC of Nursing"),
    ("SF776060", "1992-1-10", "Asia School of Business", "Master of Ophthalmology"),
    ("SF213172", "1991-1-24", "Wawasan Open University", "BsC Hons of Medication"),
    ("SF528378", "2003-7-9", "Malaysia University of Science & Technology (MUST)", "BsC of Bio Chemistry"),
    ("SF628748", "2000-5-23", "Malaysia University of Science & Technology (MUST)", "BsC Hons of Bio Chemistry"),
    ("SF457445", "1989-11-6", "Universiti Teknikal Malaysia Melaka (UTeM)", "BsC of Nursing"),
    ("SF131941", "1998-10-30", "Universiti Pertahanan Nasional Malaysia, (UPNM)", "Master of Nursing"),
    ("SF284751", "1990-11-21", "Universiti Malaysia Sabah (UMS)", "BsC Hons of Nursing"),
    ("SF067549", "1994-3-6", "Universiti Malaysia Perlis (UniMAP)", "BsC of Medication Management"),
    ("SF446458", "1968-4-8", "Universiti Putra Malaysia (UPM)", "BsC of Hospital Management"),
    ("SF048623", "1971-11-8", "Universiti Putra Malaysia (UPM)", "Master of Bio Chemistry"),
    ("SF675228", "1976-6-28", "Malaysia University of Science & Technology (MUST)", "Master of Medication"),
    ("SF828986", "1985-2-26", "UCSI University", "Master of Medication"),
    ("SF898310", "1969-5-18", "Universiti Pertahanan Nasional Malaysia, (UPNM)", "Master of Neurology"),
    ("SF261890", "1986-5-4", "Management and Science University (MSU)", "BsC Hons of Medication"),
    ("SF002786", "1999-3-28", "Binary University of Management and Entrepreneurship", "Master of Bio Chemistry"),
    ("SF366323", "1966-6-8", "Universiti Islam Antarabangsa Sultan Abdul Halim Mu’adzam Shah", "Master of Medication"),
    ("SF229821", "1971-1-26", "Meritus University", "BsC Hons of Nursing"),
    ("SF693364", "1973-5-6", "Asia School of Business", "Master of Radiation oncology"),
    ("SF464318", "2002-12-1", "International Medical University (IMU)", "Master of Bio Chemistry"),
    ("SF782869", "1998-12-11", "Binary University of Management and Entrepreneurship", "BsC of Nursing"),
    ("SF054397", "1976-4-4", "Al-Madinah International University (MEDIU)", "Master of Nursing"),
    ("SF943500", "1968-1-27", "UNITAR International University", "Master of Nursing"),
    ("SF392042", "1971-5-13", "SEGi University", "BsC of Nursing"),
    ("SF028649", "1968-5-10", "Universiti Malaya (UM)", "Master of Bio Chemistry"),
    ("SF530975", "2004-8-13", "HELP University", "BsC Hons of Nursing"),
    ("SF655037", "1999-2-17", "Universiti Tun Hussein Onn Malaysia (UTHM)", "Master of Healthcare Management"),
    ("SF267361", "1996-4-9", "Universiti Islam Antarabangsa Malaysia (UIAM)", "BsC Hons of Nursing"),
    ("SF945605", "1987-4-8", "Universiti Tenaga Nasional (UNITEN)", "Master of Healthcare Management"),
    ("SF153583", "1992-2-12", "Binary University of Management and Entrepreneurship", "BsC of Dermatology"),
    ("SF401559", "1996-4-14", "Raffles University Iskandar (RUI)", "BsC of Medication"),
    ("SF456611", "1964-4-23", "Universiti Malaysia Sarawak (UNIMAS)", "BsC Hons of Nursing"),
    ("SF266671", "1993-10-12", "DRB-HICOM University of Automotive Malaysia", "Master of Medication"),
    ("SF754913", "1988-2-23", "Universiti Tun Hussein Onn Malaysia (UTHM)", "Master of Healthcare Management"),
    ("SF562345", "1996-9-17", "Raffles University Iskandar (RUI)", "BsC Hons of Medication"),
    ("SF340758", "2005-3-29", "Universiti Malaysia Pahang (UMP)", "BsC Hons of Nursing"),
    ("SF075711", "1966-11-5", "Manipal International University", "Master of Nursing"),
    ("SF590220", "1995-5-29", "Asia School of Business", "BsC of Bio Chemistry"),
    ("SF496399", "1980-4-1", "Albukhary International University", "BsC Hons of Healthcare Management"),
    ("SF260230", "1989-7-22", "Universiti Teknologi MARA (UiTM)", "BsC Hons of Bio Chemistry"),
    ("SF870969", "1999-2-26", "Universiti Kebangsaan Malaysia (UKM)", "BsC of Hospital Management"),
    ("SF654621", "1994-7-20", "Universiti Malaysia Terengganu (UMT)", "BsC Hons of Nursing"),
    ("SF796164", "1988-12-5", "City University", "BsC Hons of Nursing"),
    ("SF862092", "1965-2-24", "AIMST University", "Master of Bio Chemistry"),
    ("SF849370", "1973-7-13", "Universiti Tenaga Nasional (UNITEN)", "BsC Hons of Nursing"),
    ("SF376708", "1985-11-20", "Raffles University Iskandar (RUI)", "BsC Hons of Medication Management"),
    ("SF056845", "1970-11-12", "International University of Malaya-Wales", "BsC of Medication"),
    ("SF344737", "1987-10-5", "Putra Business School", "Master of Medication"),
    ("SF038312", "1980-2-26", "Infrastructure University Kuala Lumpur (IUKL)", "BsC Hons of Nursing"),
    ("SF333071", "1986-1-28", "Universiti Tun Abdul Razak (UniRAZAK)", "BsC of Nursing"),
    ("SF006280", "1997-3-14", "Asia School of Business", "BsC Hons of Medication"),
    ("SF442157", "1990-6-5", "Quest International University Perak", "BsC Hons of Medication"),
    ("SF656734", "1970-9-2", "Albukhary International University", "Master of Hospital Management"),
    ("SF831911", "1972-10-23", "Wawasan Open University", "Master of Healthcare Management"),
    ("SF423758", "2004-4-28", "Binary University of Management and Entrepreneurship", "BsC Hons of Nursing"),
    ("SF695999", "1976-11-22", "Manipal International University", "BsC Hons of Healthcare Management"),
    ("SF411235", "1974-6-18", "DRB-HICOM University of Automotive Malaysia", "BsC of Medication Management"),
    ("SF546599", "2002-1-19", "Limkokwing University of Creative Technology", "BsC of Bio Chemistry"),
    ("SF660429", "1990-8-26", "Universiti Sains Malaysia (USM)", "BsC Hons of Healthcare Management"),
    ("SF752059", "1976-5-27", "Universiti Malaya (UM)", "Master of Dermatology"),
    ("SF007459", "1976-6-29", "Albukhary International University", "BsC of Nursing");
INSERT INTO clinic VALUES
    ("CLN21797", "Dermatology"),
    ("CLN29419", "Internal medicine"),
    ("CLN06624", "Neurology"),
    ("CLN30091", "Obstetrics and gynecology"),
    ("CLN28874", "Ophthalmology"),
    ("CLN54717", "Pediatrics"),
    ("CLN85543", "Psychiatry"),
    ("CLN22247", "Radiation oncology");
INSERT INTO suppliers VALUES
    ("SYR19567", "FisherPharmacy SDN BHD", "17, Jalan Tuanku Abdul Rahman 19/35, Kangar, Perlis", "01847784420", "0336560105"),
    ("SYR54018", "TurnerPharmacy SDN BHD", "Lot. 63, Jalan Choo Cheeng Kay 7/17, Batu Berendam, Malacca", "0124336723", "0350357202"),
    ("SYR42171", "ThompsonMedication SDN BHD", "2, Jalan Hang Lekiu 45/14, Marang, Terengganu", "0142256267", "0371802228"),
    ("SYR69670", "AllenPharmacy SDN BHD", "65, Jalan Aminuddin Baki 19/31, Putrajaya", "01861763817", "0339474141"),
    ("SYR71421", "GomezMedicals SDN BHD", "33, Jalan Tuanku Jaafar 19/6, Kuala Perlis, Perlis", "01616510624", "0364419057"),
    ("SYR23858", "FosterMedical Supplies SDN BHD", "17, Jalan Binjai 13/37, Kota Kinabalu, Sabah", "0191501185", "0343349744"),
    ("SYR12057", "TremblayPharmacy SDN BHD", "25, Jalan Burhanuddin Helmi 32/27, Merlimau, Malacca", "01549490094", "0326871212"),
    ("SYR79639", "BrownPharmacy SDN BHD", "5, Jalan Tun Razak 3/46, Nyalas, Malacca", "0129793495", "0329411699"),
    ("SYR83177", "EdwardsMedical Supplies SDN BHD", "Lot. 51, Jalan Semarang 32/35, Ranau, Sabah", "01892924931", "0383176449"),
    ("SYR25271", "HallPharmacy SDN BHD", "Lot. 41, Jalan Tun Mohd Fuad 1/9, Simpang Ampat, Penang", "01787971300", "0395141977"),
    ("SYR74725", "JamesPharmacy SDN BHD", "Lot. 43, Jalan Kinabalu (part of) 46/45, Pengkalan Kempas, Negeri Sembilan", "0161445825", "0330008434"),
    ("SYR92567", "JohnsonMedication SDN BHD", "41, Jalan Hamid Ismail 9/39, Putatan, Sabah", "0107964118", "0368601649"),
    ("SYR31266", "PerezPharmacy SDN BHD", "78, Jalan Wisma Putra 22/37, Simpang Renggam, Johor", "0194000596", "0307678155"),
    ("SYR13649", "NelsonMedicals SDN BHD", "Lot. 74, Jalan Gallagher 7/34, Kuala Kedah, Kedah", "01775531576", "0303682239"),
    ("SYR27901", "PetersonMedication SDN BHD", "No. 77, Jalan Raja Abdullah 8/44, Limbang, Sarawak", "01639336523", "0394832043"),
    ("SYR32231", "BarnesMedical Supplies SDN BHD", "Lot. 42, Jalan Raja Alang 46/14, Kertih, Terengganu", "0143963379", "0352242498"),
    ("SYR12065", "GonzalezChemicals SDN BHD", "Lot. 12, Jalan Ceylon 43/1, Pantai Remis, Perak", "0195241831", "0312347019"),
    ("SYR06310", "BakerMedical Supplies SDN BHD", "No. 25, Jalan Kuching 18/1, Kampong Kadok, Kelantan", "0144279144", "0354328456"),
    ("SYR04673", "RussellLaboratories SDN BHD", "Lot. 57, Jalan Aminuddin Baki 49/9, Kuala Perlis, Perlis", "0130390446", "0301389515"),
    ("SYR49208", "CampbellChemicals SDN BHD", "57, Jalan Davis 50/44, Paka, Terengganu", "0184553465", "0321775733"),
    ("SYR19417", "NguyenMedication SDN BHD", "No. 5, Jalan Bellamy 24/24, Peringat, Kelantan", "0141123897", "0355150435"),
    ("SYR34238", "PriceLaboratories SDN BHD", "No. 16, Jalan Maharajalela 6/47, Miri, Sarawak", "01371222987", "0395334839"),
    ("SYR49605", "CôtéLaboratories SDN BHD", "76, Jalan Scott 11/41, Kampong Kadok, Kelantan", "01888772618", "0364119638"),
    ("SYR83081", "OrtizLaboratories SDN BHD", "16, Jalan Gallagher 18/43, Putrajaya", "0173140950", "0399041512"),
    ("SYR87768", "ButlerMedicals SDN BHD", "8, Jalan Binjai 27/17, Arau, Perlis", "01737686893", "0334377779"),
    ("SYR38038", "FloresPharmacy SDN BHD", "No. 55, Jalan Bellamy 37/47, Kuala Perlis, Perlis", "01284372510", "0378997926"),
    ("SYR72917", "RobertsMedication SDN BHD", "32, Jalan Cenderawasih 50/12, Durian Tunggal, Malacca", "01402779798", "0319661570"),
    ("SYR97065", "FortinMedical Supplies SDN BHD", "Lot. 46, Jalan Yap Kwan Seng 17/25, Arau, Perlis", "01451329404", "0336914765"),
    ("SYR87554", "WalkerMedicals SDN BHD", "No. 62, Jalan Istana 43/48, Bandar Labuan, Sabah", "01504624215", "0359006889"),
    ("SYR94205", "DiazLaboratories SDN BHD", "Lot. 58, Jalan Mohana Chandran 39/35, Kangar, Perlis", "01015792823", "0392466118"),
    ("SYR82216", "CampbellMedicals SDN BHD", "79, Jalan Abdul Rahim Kajai 21/12, Parit Buntar, Perak", "01799069624", "0311772185"),
    ("SYR52294", "SmithMedication SDN BHD", "56, Jalan Belfield 22/31, Tawau, Sabah", "0196757515", "0347709005"),
    ("SYR48066", "ScottMedical Supplies SDN BHD", "No. 37, Jalan Samarahan 2/4, Tumpat, Kelantan", "0118479153", "0350358142"),
    ("SYR33634", "ReyesChemicals SDN BHD", "No. 43, Jalan Travers 42/12, Batu Kawan, Penang", "01592102066", "0329378948"),
    ("SYR73344", "MooreLaboratories SDN BHD", "3, Jalan Kampung Bandar Dalam 31/42, Tringkap, Pahang", "0191413647", "0381068491"),
    ("SYR31790", "PerryMedicals SDN BHD", "Lot. 34, Jalan Kuching 40/29, Balik Pulau, Penang", "01621319461", "0303182022"),
    ("SYR65419", "CruzPharmacy SDN BHD", "9, Jalan Peel 6/47, Bedong, Kedah", "0152116554", "0309329566"),
    ("SYR70827", "CôtéMedicals SDN BHD", "5, Jalan Stonor 28/44, Kapit, Sarawak", "01103387565", "0390366948"),
    ("SYR90341", "FosterMedicals SDN BHD", "34, Jalan Petaling 30/46, Labuan", "0137900582", "0363157436"),
    ("SYR17625", "ClarkLaboratories SDN BHD", "No. 37, Jalan Tun Tan Siew Sin 36/18, Kuala Perlis, Perlis", "0102120907", "0353523409"),
    ("SYR00455", "GutierrezMedical Supplies SDN BHD", "11, Jalan Gallagher 32/32, Kuala Terengganu, Terengganu", "01339578131", "0318042334"),
    ("SYR71545", "GauthierChemicals SDN BHD", "Lot. 37, Jalan Bukit Ceylon 4/24, Cheng, Malacca", "0172721121", "0331502567"),
    ("SYR75911", "CôtéMedical Supplies SDN BHD", "4, Jalan Tuanku Abdul Halim 27/23, Kuala Pilah (town), Negeri Sembilan", "01941189065", "0365217125"),
    ("SYR06361", "RogersPharmacy SDN BHD", "No. 17, Jalan Raja Muda Musa 1/29, Kelapa Sawit, Johor", "01619701845", "0332892491"),
    ("SYR55313", "NelsonLaboratories SDN BHD", "No. 24, Jalan Serian 34/43, Gurun, Kedah", "01488405409", "0393787636"),
    ("SYR92438", "ReedChemicals SDN BHD", "1, Jalan Genting Klang 18/18, Labuan", "01785996762", "0341689570"),
    ("SYR96395", "JacksonMedicals SDN BHD", "46, Jalan Zaaba 11/1, Labuan", "01853988612", "0384668900"),
    ("SYR77005", "JenkinsLaboratories SDN BHD", "No. 6, Jalan Bellamy 50/27, Banting, Selangor", "0159811715", "0354624660"),
    ("SYR56223", "HughesMedical Supplies SDN BHD", "40, Jalan Travers 28/32, Sungai Pelek, Selangor", "0105118368", "0364330988"),
    ("SYR99923", "BennettLaboratories SDN BHD", "14, Jalan Dewan Sultan Sulaiman 4/35, Shah Alam, Selangor", "0146613468", "0362678008"),
    ("SYR82245", "SullivanMedicals SDN BHD", "Lot. 59, Jalan Chan Wing 9/23, Bagan Serai, Perak", "01271505218", "0338414254");
INSERT INTO supply VALUES
    ("INS00001", "Adhesive tape", 150, 300, "385.69", "SYR19567", "SF655037"),
    ("DRG00001","Atorvastatin",4422,1000,"178.79","SYR19567","SF660429"),
    ("INS00002", "Elastic wrap bandages", 469, 400, "359.79", "SYR54018", "SF376708"),
    ("DRG00002","Levothyroxine",3879,5000,"168.92","SYR54018","SF831911"),
    ("INS00003", "Bandage strips and 'butterfly' bandages in assorted sizes", 455, 200, "309.56", "SYR42171", "SF331054"),
    ("DRG00003","Lisinopril",2873,1000,"360.71","SYR42171","SF655037"),
    ("INS00004", "Super glue", 267, 400, "232.11", "SYR69670", "SF655037"),
    ("DRG00004","Metformin",2759,3000,"264.87","SYR69670","SF660429"),
    ("INS00005", "Rubber tourniquet or 16 French catheter", 455, 300, "290.50", "SYR71421", "SF660429"),
    ("DRG00005","Amlodipine",1810,1000,"216.88","SYR71421","SF446458"),
    ("INS00006", "Nonstick sterile bandages and roller gauze in assorted sizes", 312, 400, "264.01", "SYR23858", "SF446458"),
    ("DRG00006","Metoprolol",2084,3000,"390.08","SYR23858","SF660429"),
    ("INS00007", "Eye shield or pad", 263, 400, "224.76", "SYR12057", "SF855007"),
    ("DRG00007","Albuterol",4935,1000,"126.55","SYR12057","SF831911"),
    ("INS00008", "Large triangular bandage (may be used as a sling)", 427, 200, "354.91", "SYR79639", "SF855007"),
    ("DRG00008","Omeprazole",4390,2000,"317.03","SYR79639","SF067549"),
    ("INS00009", "Aluminum finger splint", 146, 100, "380.57", "SYR83177", "SF331054"),
    ("DRG00009","Losartan",4659,5000,"166.98","SYR83177","SF655037"),
    ("INS00010", "Instant cold packs", 152, 200, "367.61", "SYR25271", "SF597429"),
    ("DRG00010","Simvastatin",2398,1000,"216.06","SYR25271","SF655037"),
    ("INS00011", "Cotton balls and cotton-tipped swabs", 327, 500, "217.13", "SYR74725", "SF831911"),
    ("DRG00011","Gabapentin",3443,3000,"127.71","SYR74725","SF376708"),
    ("INS00012", "Disposable nonlatex examination gloves, several pairs", 335, 200, "122.15", "SYR92567", "SF562345"),
    ("DRG00012","Hydrochlorothiazide",3620,2000,"303.05","SYR92567","SF655037"),
    ("INS00013", "Duct tape", 183, 300, "269.06", "SYR31266", "SF655037"),
    ("DRG00013","Sertraline",2479,1000,"248.68","SYR31266","SF660429"),
    ("INS00014", "Petroleum jelly or other lubricant", 314, 500, "372.59", "SYR13649", "SF376708"),
    ("DRG00014","Montelukast",1078,2000,"193.65","SYR13649","SF660429"),
    ("INS00015", "Plastic bags, assorted sizes", 221, 500, "367.76", "SYR27901", "SF562345"),
    ("DRG00015","Fluticasone",4564,4000,"218.57","SYR27901","SF376708"),
    ("INS00016", "Safety pins in assorted sizes", 457, 500, "178.12", "SYR32231", "SF831911"),
    ("DRG00016","Amoxicillin",2317,4000,"371.95","SYR32231","SF597429"),
    ("INS00017", "Scissors and tweezers", 446, 100, "344.91", "SYR12065", "SF331054"),
    ("DRG00017","Furosemide",1049,3000,"265.16","SYR12065","SF660429"),
    ("INS00018", "Hand sanitizer", 124, 300, "238.81", "SYR06310", "SF831911"),
    ("DRG00018","Pantoprazole",1346,1000,"361.27","SYR06310","SF547640"),
    ("INS00019", "Antibiotic ointment", 145, 500, "387.76", "SYR04673", "SF376708"),
    ("DRG00019","Prednisone",3236,2000,"393.92","SYR04673","SF855007"),
    ("INS00020", "Antiseptic solution and towelettes", 199, 100, "346.96", "SYR49208", "SF547640"),
    ("DRG00020","Escitalopram",3488,4000,"278.62","SYR49208","SF547640"),
    ("INS00021", "Eyewash solution", 307, 200, "194.23", "SYR19417", "SF562345"),
    ("DRG00021","Fluoxetine",1668,5000,"234.54","SYR19417","SF660429"),
    ("INS00022", "Thermometer", 354, 200, "229.43", "SYR34238", "SF331054"),
    ("DRG00022","Dextroamphetamine",3962,5000,"308.31","SYR34238","SF655037"),
    ("INS00023", "Turkey baster or other bulb suction device for flushing wounds", 385, 200, "286.88", "SYR49605", "SF446458"),
    ("DRG00023","Insulin Glargine",3253,5000,"365.82","SYR49605","SF597429"),
    ("INS00024", "Sterile saline for irrigation, flushing", 485, 400, "247.15", "SYR83081", "SF376708"),
    ("DRG00024","Bupropion",3428,4000,"351.69","SYR83081","SF855007"),
    ("INS00025", "Breathing barrier (surgical mask)", 113, 300, "326.85", "SYR87768", "SF660429"),
    ("DRG00025","Ibuprofen",2646,5000,"335.38","SYR87768","SF067549"),
    ("INS00026", "Syringe, medicine cup or spoon", 414, 200, "248.56", "SYR38038", "SF446458"),
    ("DRG00026","Rosuvastatin",3324,3000,"148.96","SYR38038","SF547640"),
    ("INS00027", "First-aid manual", 257, 100, "111.75", "SYR72917", "SF831911"),
    ("DRG00027","Pravastatin Sodium",2339,2000,"143.69","SYR72917","SF655037"),
    ("INS00028", "Hydrogen peroxide to disinfect", 321, 100, "279.35", "SYR97065", "SF331054"),
    ("DRG00028","Trazodone",3405,1000,"208.27","SYR97065","SF597429"),
    ("INS00029", "Aloe vera gel", 417, 200, "310.62", "SYR87554", "SF597429"),
    ("DRG00029","Tamsulosin",4413,5000,"214.75","SYR87554","SF067549"),
    ("INS00030", "Calamine lotion", 201, 200, "164.36", "SYR94205", "SF067549"),
    ("DRG00030","Carvedilol",1577,3000,"123.63","SYR94205","SF376708"),
    ("INS00031", "Anti-diarrhea medication", 158, 200, "282.67", "SYR82216", "SF597429"),
    ("DRG00031","Meloxicam",4927,3000,"252.85","SYR82216","SF597429"),
    ("INS00032", "Laxative", 301, 200, "137.68", "SYR52294", "SF655037"),
    ("DRG00032","Citalopram",2474,3000,"174.21","SYR52294","SF660429"),
    ("INS00033", "Antacids", 302, 500, "352.38", "SYR48066", "SF655037"),
    ("DRG00033","Duloxetine",4639,4000,"267.42","SYR48066","SF067549"),
    ("INS00034", "Antihistamine, such as diphenhydramine", 473, 300, "206.48", "SYR33634", "SF597429"),
    ("DRG00034","Alprazolam",3732,1000,"223.22","SYR33634","SF562345"),
    ("INS00035", "Hydrocortisone cream", 281, 400, "150.85", "SYR73344", "SF562345"),
    ("DRG00035","Potassium",3967,3000,"192.80","SYR73344","SF597429"),
    ("INS00036", "Cough and cold medications", 182, 200, "177.27", "SYR31790", "SF067549"),
    ("DRG00036","Clopidogrel",1595,5000,"373.00","SYR31790","SF067549"),
    ("INS00037", "Personal medications that don't need refrigeration", 205, 400, "175.51", "SYR65419", "SF655037"),
    ("DRG00037","Atenolol",1853,3000,"198.58","SYR65419","SF376708"),
    ("INS00038", "Auto-injector of epinephrine, if prescribed by your doctor", 383, 200, "174.96", "SYR70827", "SF376708"),
    ("DRG00038","Cyclobenzaprine",1471,5000,"281.64","SYR70827","SF660429"),
    ("INS00039", "Pain relievers, such as acetaminophen (Tylenol, others), ibuprofen (Advil, Motrin IB, others)", 378, 400, "375.73", "SYR90341", "SF376708"),
    ("DRG00039","Allopurinol",4782,3000,"194.45","SYR90341","SF562345"),
    ("DRG00040","Venlafaxine",1641,2000,"130.97","SYR17625","SF597429"),
    ("DRG00041","Warfarin",1503,4000,"222.76","SYR00455","SF376708"),
    ("DRG00042","Propranolol",4941,5000,"356.19","SYR71545","SF376708"),
    ("DRG00043","Cetirizine",4699,1000,"371.85","SYR75911","SF655037"),
    ("DRG00044","Estradiol",1738,5000,"196.79","SYR06361","SF562345"),
    ("DRG00045","Lorazepam",2221,3000,"320.50","SYR55313","SF547640"),
    ("DRG00046","Quetiapine",1143,1000,"249.77","SYR92438","SF331054"),
    ("DRG00047","Zolpidem Tartrate",1090,4000,"222.54","SYR96395","SF831911"),
    ("DRG00048","Ergocalciferol",2646,1000,"193.73","SYR77005","SF655037"),
    ("DRG00049","Budesonide",2634,3000,"274.27","SYR56223","SF547640"),
    ("DRG00050","Ethinyl Estradiol/Norethindrone",1994,4000,"303.03","SYR99923","SF331054");
INSERT INTO supply_drug VALUES
    ("DRG00001", "Topical", "30"),
    ("DRG00002", "Topical", "35"),
    ("DRG00003", "Liquid Ingestion", "20"),
    ("DRG00004", "Liquid Injection", "34"),
    ("DRG00005", "Liquid Ingestion", "32"),
    ("DRG00006", "Liquid Ingestion", "35"),
    ("DRG00007", "Liquid Injection", "31"),
    ("DRG00008", "Tablet", "32"),
    ("DRG00009", "Liquid Injection", "23"),
    ("DRG00010", "Topical", "43"),
    ("DRG00011", "Liquid Ingestion", "23"),
    ("DRG00012", "Liquid Injection", "28"),
    ("DRG00013", "Topical", "15"),
    ("DRG00014", "Liquid Injection", "18"),
    ("DRG00015", "Liquid Ingestion", "38"),
    ("DRG00016", "Topical", "30"),
    ("DRG00017", "Liquid Ingestion", "35"),
    ("DRG00018", "Liquid Ingestion", "20"),
    ("DRG00019", "Tablet", "34"),
    ("DRG00020", "Topical", "32"),
    ("DRG00021", "Tablet", "35"),
    ("DRG00022", "Tablet", "31"),
    ("DRG00023", "Topical", "32"),
    ("DRG00024", "Topical", "23"),
    ("DRG00025", "Liquid Injection", "43"),
    ("DRG00026", "Liquid Injection", "30"),
    ("DRG00027", "Tablet", "35"),
    ("DRG00028", "Topical", "20"),
    ("DRG00029", "Topical", "34"),
    ("DRG00030", "Topical", "32"),
    ("DRG00031", "Tablet", "35"),
    ("DRG00032", "Liquid Injection", "31"),
    ("DRG00033", "Topical", "32"),
    ("DRG00034", "Tablet", "23"),
    ("DRG00035", "Liquid Ingestion", "43"),
    ("DRG00036", "Tablet", "30"),
    ("DRG00037", "Topical", "35"),
    ("DRG00038", "Liquid Injection", "20"),
    ("DRG00039", "Liquid Injection", "34"),
    ("DRG00040", "Tablet", "32"),
    ("DRG00041", "Tablet", "35"),
    ("DRG00042", "Tablet", "31"),
    ("DRG00043", "Topical", "32"),
    ("DRG00044", "Liquid Injection", "23"),
    ("DRG00045", "Topical", "43"),
    ("DRG00046", "Liquid Injection", "24"),
    ("DRG00047", "Liquid Ingestion", "43"),
    ("DRG00048", "Tablet", "52"),
    ("DRG00049", "Liquid Injection", "20"),
    ("DRG00050", "Tablet", "38");
INSERT INTO supply_equipment VALUES
    ("INS00001", "Small", "First-aid"),
    ("INS00002", "Small", "First-aid"),
    ("INS00003", "Small", "First-aid"),
    ("INS00004", "Small", "First-aid"),
    ("INS00005", "Small", "First-aid"),
    ("INS00006", "Small", "First-aid"),
    ("INS00007", "Small", "First-aid"),
    ("INS00008", "Small", "First-aid"),
    ("INS00009", "Small", "First-aid"),
    ("INS00010", "Small", "First-aid"),
    ("INS00011", "Small", "First-aid"),
    ("INS00012", "Small", "First-aid"),
    ("INS00013", "Small", "First-aid"),
    ("INS00014", "Small", "First-aid"),
    ("INS00015", "Small", "First-aid"),
    ("INS00016", "Small", "First-aid"),
    ("INS00017", "Small", "First-aid"),
    ("INS00018", "Small", "First-aid"),
    ("INS00019", "Small", "First-aid"),
    ("INS00020", "Small", "First-aid"),
    ("INS00021", "Small", "First-aid"),
    ("INS00022", "Small", "First-aid"),
    ("INS00023", "Small", "First-aid"),
    ("INS00024", "Small", "First-aid"),
    ("INS00025", "Small", "First-aid"),
    ("INS00026", "Small", "First-aid"),
    ("INS00027", "Small", "First-aid"),
    ("INS00028", "Small", "First-aid"),
    ("INS00029", "Small", "First-aid"),
    ("INS00030", "Small", "First-aid"),
    ("INS00031", "Small", "First-aid"),
    ("INS00032", "Small", "First-aid"),
    ("INS00033", "Small", "First-aid"),
    ("INS00034", "Small", "First-aid"),
    ("INS00035", "Small", "First-aid"),
    ("INS00036", "Small", "First-aid"),
    ("INS00037", "Small", "First-aid"),
    ("INS00038", "Small", "First-aid"),
    ("INS00039", "Small", "First-aid");
INSERT INTO ward VALUES
    ("WAD69956", "1389", "Dermatology", "Block East", "SF075711"),
    ("WAD29892", "8454", "Internal medicine", "Block South", "SF638678"),
    ("WAD11765", "7066", "Neurology", "Block South", "SF216324"),
    ("WAD69261", "0549", "Obstetrics and gynecology", "Block East", "SF401383"),
    ("WAD80253", "1647", "Ophthalmology", "Block West", "SF120109"),
    ("WAD24650", "8116", "Pediatrics", "Central Building", "SF457445"),
    ("WAD69904", "4664", "Psychiatry", "Block North", "SF530975"),
    ("WAD58291", "5991", "Radiation oncology", "Block North", "SF943500"),
    ("WAD32898", "9642", "Dermatology", "Central Building", "SF782869"),
    ("WAD65546", "3522", "Internal medicine", "Block East", "SF216324");
INSERT INTO bed VALUES
    ("BED33863", "large", "WAD69956"),
    ("BED47310", "large", "WAD29892"),
    ("BED37665", "large", "WAD11765"),
    ("BED25135", "large", "WAD69261"),
    ("BED15287", "normal", "WAD80253"),
    ("BED73230", "large", "WAD24650"),
    ("BED32733", "normal", "WAD69904"),
    ("BED15424", "large", "WAD58291"),
    ("BED09370", "large", "WAD32898"),
    ("BED23415", "large", "WAD65546"),
    ("BED44220", "normal", "WAD69956"),
    ("BED18264", "large", "WAD29892"),
    ("BED27635", "large", "WAD11765"),
    ("BED45737", "normal", "WAD69261"),
    ("BED27687", "large", "WAD80253"),
    ("BED90923", "normal", "WAD24650"),
    ("BED85321", "large", "WAD69904"),
    ("BED89566", "normal", "WAD58291"),
    ("BED28928", "normal", "WAD32898"),
    ("BED37070", "large", "WAD65546"),
    ("BED48262", "large", "WAD69956"),
    ("BED43656", "large", "WAD29892"),
    ("BED88421", "large", "WAD11765"),
    ("BED10195", "normal", "WAD69261"),
    ("BED20831", "normal", "WAD80253"),
    ("BED86928", "normal", "WAD24650"),
    ("BED54418", "normal", "WAD69904"),
    ("BED95141", "normal", "WAD58291"),
    ("BED90836", "normal", "WAD32898"),
    ("BED10480", "normal", "WAD65546"),
    ("BED81856", "normal", "WAD69956"),
    ("BED43821", "normal", "WAD29892"),
    ("BED64966", "normal", "WAD11765"),
    ("BED24892", "large", "WAD69261"),
    ("BED24909", "large", "WAD80253"),
    ("BED54368", "normal", "WAD24650"),
    ("BED86960", "normal", "WAD69904"),
    ("BED72249", "normal", "WAD58291"),
    ("BED04714", "normal", "WAD32898"),
    ("BED72272", "normal", "WAD65546"),
    ("BED85374", "normal", "WAD69956"),
    ("BED11561", "large", "WAD29892"),
    ("BED71769", "normal", "WAD11765"),
    ("BED99362", "normal", "WAD69261"),
    ("BED86348", "normal", "WAD80253"),
    ("BED18827", "normal", "WAD24650"),
    ("BED71419", "normal", "WAD69904"),
    ("BED82237", "large", "WAD58291"),
    ("BED79461", "normal", "WAD32898"),
    ("BED49143", "normal", "WAD65546"),
    ("BED51349", "normal", "WAD69956"),
    ("BED62392", "large", "WAD29892"),
    ("BED68532", "normal", "WAD11765"),
    ("BED71370", "large", "WAD69261"),
    ("BED75508", "normal", "WAD80253"),
    ("BED08435", "large", "WAD24650"),
    ("BED55585", "normal", "WAD69904"),
    ("BED29170", "normal", "WAD58291"),
    ("BED12978", "large", "WAD32898"),
    ("BED47163", "large", "WAD65546"),
    ("BED75173", "normal", "WAD69956"),
    ("BED55427", "normal", "WAD29892"),
    ("BED58434", "large", "WAD11765"),
    ("BED58720", "large", "WAD69261"),
    ("BED35997", "normal", "WAD80253"),
    ("BED07012", "large", "WAD24650"),
    ("BED11868", "normal", "WAD69904"),
    ("BED14717", "normal", "WAD58291"),
    ("BED64545", "large", "WAD32898"),
    ("BED66190", "normal", "WAD65546"),
    ("BED67018", "large", "WAD69956"),
    ("BED47460", "normal", "WAD29892"),
    ("BED88159", "large", "WAD11765"),
    ("BED16122", "large", "WAD69261"),
    ("BED71981", "large", "WAD80253"),
    ("BED82540", "large", "WAD24650"),
    ("BED33741", "normal", "WAD69904"),
    ("BED67548", "large", "WAD58291"),
    ("BED45910", "large", "WAD32898"),
    ("BED19333", "normal", "WAD65546"),
    ("BED50223", "large", "WAD69956"),
    ("BED76816", "normal", "WAD29892"),
    ("BED89576", "large", "WAD11765"),
    ("BED57362", "large", "WAD69261"),
    ("BED83742", "large", "WAD80253"),
    ("BED93302", "normal", "WAD24650"),
    ("BED90387", "normal", "WAD69904"),
    ("BED22507", "normal", "WAD58291"),
    ("BED89992", "normal", "WAD32898"),
    ("BED43749", "normal", "WAD65546"),
    ("BED40894", "large", "WAD69956"),
    ("BED47099", "large", "WAD29892"),
    ("BED77778", "large", "WAD11765"),
    ("BED67059", "large", "WAD69261"),
    ("BED98708", "large", "WAD80253"),
    ("BED15729", "large", "WAD24650"),
    ("BED10825", "normal", "WAD69904"),
    ("BED41426", "large", "WAD58291"),
    ("BED69981", "large", "WAD32898"),
    ("BED64986", "normal", "WAD65546"),
    ("BED97639", "large", "WAD69956"),
    ("BED91290", "normal", "WAD29892"),
    ("BED22353", "normal", "WAD11765"),
    ("BED99798", "large", "WAD69261"),
    ("BED15163", "large", "WAD80253"),
    ("BED91006", "large", "WAD24650"),
    ("BED69066", "large", "WAD69904"),
    ("BED95819", "normal", "WAD58291"),
    ("BED40322", "normal", "WAD32898"),
    ("BED44254", "normal", "WAD65546"),
    ("BED97347", "normal", "WAD69956"),
    ("BED35586", "large", "WAD29892"),
    ("BED77416", "large", "WAD11765"),
    ("BED55621", "large", "WAD69261"),
    ("BED04959", "normal", "WAD80253"),
    ("BED29615", "normal", "WAD24650"),
    ("BED18898", "normal", "WAD69904"),
    ("BED51274", "normal", "WAD58291"),
    ("BED43530", "large", "WAD32898"),
    ("BED53121", "large", "WAD65546"),
    ("BED86102", "large", "WAD69956"),
    ("BED62196", "normal", "WAD29892"),
    ("BED75605", "large", "WAD11765"),
    ("BED18523", "large", "WAD69261"),
    ("BED51596", "normal", "WAD80253"),
    ("BED84312", "large", "WAD24650"),
    ("BED05559", "normal", "WAD69904"),
    ("BED19228", "large", "WAD58291"),
    ("BED91052", "large", "WAD32898"),
    ("BED23492", "large", "WAD65546"),
    ("BED41456", "large", "WAD69956"),
    ("BED29193", "large", "WAD29892"),
    ("BED77438", "large", "WAD11765"),
    ("BED45256", "large", "WAD69261"),
    ("BED73415", "normal", "WAD80253"),
    ("BED11226", "normal", "WAD24650"),
    ("BED39380", "normal", "WAD69904"),
    ("BED24327", "large", "WAD58291"),
    ("BED53772", "normal", "WAD32898"),
    ("BED13866", "large", "WAD65546"),
    ("BED13231", "large", "WAD69956"),
    ("BED97793", "normal", "WAD29892"),
    ("BED12786", "large", "WAD11765"),
    ("BED11975", "large", "WAD69261"),
    ("BED91208", "normal", "WAD80253"),
    ("BED71855", "large", "WAD24650"),
    ("BED98526", "normal", "WAD69904"),
    ("BED91452", "normal", "WAD58291"),
    ("BED14371", "large", "WAD32898"),
    ("BED19774", "normal", "WAD65546"),
    ("BED77844", "large", "WAD69956"),
    ("BED68119", "normal", "WAD29892"),
    ("BED84309", "normal", "WAD11765"),
    ("BED59180", "large", "WAD69261"),
    ("BED77968", "normal", "WAD80253"),
    ("BED13102", "normal", "WAD24650"),
    ("BED86218", "normal", "WAD69904"),
    ("BED55271", "large", "WAD58291"),
    ("BED84756", "normal", "WAD32898"),
    ("BED35171", "normal", "WAD65546"),
    ("BED11622", "large", "WAD69956"),
    ("BED17192", "normal", "WAD29892"),
    ("BED67421", "large", "WAD11765"),
    ("BED61779", "large", "WAD69261"),
    ("BED86111", "large", "WAD80253"),
    ("BED38327", "normal", "WAD24650"),
    ("BED63602", "normal", "WAD69904"),
    ("BED83458", "normal", "WAD58291"),
    ("BED91014", "large", "WAD32898"),
    ("BED88432", "large", "WAD65546"),
    ("BED83244", "large", "WAD69956"),
    ("BED83934", "normal", "WAD29892"),
    ("BED91170", "normal", "WAD11765"),
    ("BED93762", "normal", "WAD69261"),
    ("BED48372", "large", "WAD80253"),
    ("BED20393", "normal", "WAD24650"),
    ("BED51839", "normal", "WAD69904"),
    ("BED51362", "large", "WAD58291"),
    ("BED74924", "normal", "WAD32898"),
    ("BED93300", "normal", "WAD65546"),
    ("BED95785", "normal", "WAD69956"),
    ("BED46548", "normal", "WAD29892"),
    ("BED53630", "normal", "WAD11765"),
    ("BED28745", "normal", "WAD69261"),
    ("BED52592", "normal", "WAD80253"),
    ("BED58247", "normal", "WAD24650"),
    ("BED12829", "normal", "WAD69904"),
    ("BED98488", "normal", "WAD58291"),
    ("BED43879", "normal", "WAD32898"),
    ("BED33667", "large", "WAD65546"),
    ("BED93513", "large", "WAD69956"),
    ("BED00578", "large", "WAD29892"),
    ("BED97750", "large", "WAD11765"),
    ("BED24911", "normal", "WAD69261"),
    ("BED15263", "normal", "WAD80253"),
    ("BED25268", "large", "WAD24650"),
    ("BED76197", "large", "WAD69904"),
    ("BED94287", "large", "WAD58291"),
    ("BED03719", "normal", "WAD32898"),
    ("BED16991", "large", "WAD65546"),
    ("BED65405", "normal", "WAD69956"),
    ("BED13880", "normal", "WAD29892"),
    ("BED09978", "normal", "WAD11765"),
    ("BED05977", "normal", "WAD69261"),
    ("BED86721", "large", "WAD80253"),
    ("BED06895", "large", "WAD24650"),
    ("BED03003", "normal", "WAD69904"),
    ("BED98127", "large", "WAD58291"),
    ("BED05004", "large", "WAD32898"),
    ("BED28518", "normal", "WAD65546"),
    ("BED90999", "large", "WAD69956"),
    ("BED06778", "large", "WAD29892"),
    ("BED49863", "large", "WAD11765"),
    ("BED50447", "normal", "WAD69261"),
    ("BED75800", "normal", "WAD80253"),
    ("BED88537", "normal", "WAD24650"),
    ("BED14788", "large", "WAD69904"),
    ("BED76393", "large", "WAD58291"),
    ("BED71847", "large", "WAD32898"),
    ("BED51959", "normal", "WAD65546"),
    ("BED80165", "normal", "WAD69956"),
    ("BED57423", "normal", "WAD29892"),
    ("BED34450", "large", "WAD11765"),
    ("BED93725", "large", "WAD69261"),
    ("BED05120", "large", "WAD80253"),
    ("BED16080", "normal", "WAD24650"),
    ("BED38436", "normal", "WAD69904"),
    ("BED80739", "large", "WAD58291"),
    ("BED01763", "large", "WAD32898"),
    ("BED85275", "normal", "WAD65546"),
    ("BED60610", "normal", "WAD69956"),
    ("BED87795", "normal", "WAD29892"),
    ("BED04042", "large", "WAD11765"),
    ("BED03834", "large", "WAD69261"),
    ("BED90799", "normal", "WAD80253"),
    ("BED02102", "normal", "WAD24650"),
    ("BED61106", "large", "WAD69904"),
    ("BED54757", "normal", "WAD58291"),
    ("BED37552", "large", "WAD32898"),
    ("BED18875", "normal", "WAD65546");
INSERT INTO in_patient VALUES
    ("PT793304", "2020-9-14", null, 14, "WAD69956", null, null),
    ("PT092961", "2019-5-28", null, 8, "WAD29892", null, null),
    ("PT781238", "2020-12-30", null, 9, "WAD32898", null, null),
    ("PT671712", "2019-3-30", null, 14, "WAD29892", null, null),
    ("PT898684", "2020-11-1", "2020-11-1", 12, "WAD65546", "2020-11-1", "BED35171"),
    ("PT725408", "2019-10-25", null, 11, "WAD11765", null, null),
    ("PT310604", "2019-9-5", null, 7, "WAD11765", null, null),
    ("PT419770", "2018-6-29", null, 7, "WAD24650", null, null),
    ("PT223103", "2018-10-2", null, 12, "WAD58291", null, null),
    ("PT187381", "2019-11-12", null, 10, "WAD69261", null, null),
    ("PT426888", "2020-2-22", null, 14, "WAD24650", null, null),
    ("PT964730", "2020-11-25", null, 8, "WAD32898", null, null),
    ("PT482729", "2018-8-11", null, 8, "WAD24650", null, null),
    ("PT190388", "2019-4-26", "2019-4-26", 14, "WAD32898", "2019-4-26", "BED90836"),
    ("PT303977", "2019-4-26", null, 13, "WAD58291", null, null),
    ("PT649464", "2018-3-13", null, 10, "WAD32898", null, null),
    ("PT415951", "2018-4-27", "2018-4-27", 8, "WAD32898", "2018-4-27", "BED14371"),
    ("PT946163", "2019-7-30", null, 13, "WAD69904", null, null),
    ("PT045199", "2020-8-29", null, 9, "WAD69956", null, null),
    ("PT394377", "2019-4-5", null, 13, "WAD69904", null, null),
    ("PT756421", "2018-1-30", null, 8, "WAD80253", null, null),
    ("PT341831", "2020-11-29", null, 8, "WAD69261", null, null),
    ("PT626471", "2018-9-25", null, 7, "WAD65546", null, null),
    ("PT563653", "2020-10-7", null, 14, "WAD80253", null, null),
    ("PT997491", "2018-1-2", null, 13, "WAD32898", null, null),
    ("PT341587", "2020-7-25", "2020-7-25", 9, "WAD32898", "2020-7-25", "BED91014"),
    ("PT825606", "2020-12-28", "2020-12-28", 13, "WAD32898", "2020-12-28", "BED64545"),
    ("PT770659", "2020-2-17", null, 10, "WAD69261", null, null),
    ("PT061062", "2019-4-17", "2019-4-17", 8, "WAD29892", "2019-4-17", "BED29193"),
    ("PT658536", "2018-11-7", null, 9, "WAD24650", null, null),
    ("PT982061", "2020-5-21", null, 7, "WAD29892", null, null),
    ("PT213206", "2020-3-10", "2020-3-10", 11, "WAD11765", "2020-3-10", "BED68532"),
    ("PT307417", "2020-9-7", null, 9, "WAD24650", null, null),
    ("PT680493", "2019-10-8", null, 8, "WAD65546", null, null),
    ("PT521293", "2020-7-5", null, 14, "WAD69956", null, null),
    ("PT949001", "2020-12-5", "2020-12-5", 11, "WAD80253", "2020-12-5", "BED27687"),
    ("PT797020", "2019-3-6", null, 11, "WAD32898", null, null),
    ("PT298650", "2020-7-30", null, 10, "WAD65546", null, null),
    ("PT697827", "2018-1-12", null, 12, "WAD24650", null, null),
    ("PT510957", "2019-10-16", null, 9, "WAD69956", null, null),
    ("PT237936", "2020-4-1", null, 12, "WAD80253", null, null),
    ("PT157063", "2020-6-29", "2020-6-29", 12, "WAD69956", "2020-6-29", "BED75173"),
    ("PT622291", "2018-6-20", null, 7, "WAD11765", null, null),
    ("PT140145", "2020-1-27", "2020-1-27", 13, "WAD29892", "2020-1-27", "BED55427"),
    ("PT736378", "2019-5-1", null, 14, "WAD58291", null, null),
    ("PT595537", "2020-2-18", "2020-2-18", 11, "WAD69956", "2020-2-18", "BED33863"),
    ("PT582398", "2019-9-11", null, 12, "WAD29892", null, null),
    ("PT212310", "2020-3-17", "2020-3-17", 7, "WAD69956", "2020-3-17", "BED11622"),
    ("PT391607", "2019-8-25", "2019-8-25", 14, "WAD69261", "2019-8-25", "BED93725"),
    ("PT101811", "2019-5-10", null, 14, "WAD69956", null, null),
    ("PT339093", "2019-10-20", "2019-10-20", 9, "WAD11765", "2019-10-20", "BED53630"),
    ("PT941129", "2020-2-16", "2020-2-16", 8, "WAD24650", "2020-2-16", "BED29615"),
    ("PT759287", "2018-4-13", null, 7, "WAD32898", null, null),
    ("PT184331", "2020-2-6", null, 9, "WAD69904", null, null),
    ("PT516320", "2019-8-21", null, 7, "WAD32898", null, null),
    ("PT972132", "2019-5-6", null, 7, "WAD32898", null, null),
    ("PT753771", "2020-5-5", null, 14, "WAD29892", null, null),
    ("PT172657", "2019-11-16", null, 13, "WAD69956", null, null),
    ("PT718043", "2019-10-16", null, 11, "WAD11765", null, null),
    ("PT822677", "2020-2-14", null, 13, "WAD80253", null, null),
    ("PT829829", "2019-6-22", "2019-6-22", 8, "WAD11765", "2019-6-22", "BED04042"),
    ("PT254477", "2020-7-18", null, 14, "WAD58291", null, null),
    ("PT784510", "2018-12-5", "2018-12-5", 9, "WAD32898", "2018-12-5", "BED91014"),
    ("PT094612", "2019-6-13", null, 10, "WAD11765", null, null),
    ("PT197830", "2019-8-18", "2019-8-18", 10, "WAD11765", "2019-8-18", "BED22353"),
    ("PT638473", "2019-4-21", "2019-4-21", 12, "WAD69261", "2019-4-21", "BED05977"),
    ("PT965500", "2020-4-8", "2020-4-8", 13, "WAD69956", "2020-4-8", "BED44220"),
    ("PT220818", "2020-4-8", "2020-4-8", 10, "WAD65546", "2020-4-8", "BED88432"),
    ("PT001717", "2020-8-9", null, 9, "WAD80253", null, null),
    ("PT372292", "2018-6-13", null, 9, "WAD65546", null, null),
    ("PT272742", "2019-5-21", null, 7, "WAD11765", null, null),
    ("PT341632", "2019-4-28", "2019-4-28", 7, "WAD24650", "2019-4-28", "BED71855"),
    ("PT961975", "2020-12-20", null, 8, "WAD69261", null, null),
    ("PT793619", "2018-7-4", null, 14, "WAD29892", null, null),
    ("PT968114", "2019-6-23", "2019-6-23", 10, "WAD69904", "2019-6-23", "BED14788"),
    ("PT690481", "2020-6-13", "2020-6-13", 7, "WAD29892", "2020-6-13", "BED57423"),
    ("PT191719", "2020-11-10", "2020-11-10", 7, "WAD65546", "2020-11-10", "BED44254"),
    ("PT362725", "2019-9-12", null, 9, "WAD69261", null, null),
    ("PT720879", "2020-9-25", null, 9, "WAD11765", null, null),
    ("PT287289", "2020-5-6", "2020-5-6", 7, "WAD11765", "2020-5-6", "BED68532"),
    ("PT709995", "2020-11-21", "2020-11-21", 8, "WAD32898", "2020-11-21", "BED91052"),
    ("PT217719", "2020-9-1", null, 10, "WAD69261", null, null),
    ("PT851571", "2020-2-26", "2020-2-26", 7, "WAD32898", "2020-2-26", "BED91014"),
    ("PT800759", "2020-2-23", null, 10, "WAD32898", null, null),
    ("PT625389", "2019-11-21", null, 11, "WAD65546", null, null);
INSERT INTO out_patient VALUES
    ("PT092961", "0", "2019-9-8", "Cancer", "CLN22247"),
    ("PT781238", "1", "2019-11-10", "Cancer", "CLN22247"),
    ("PT671712", "2", "2019-3-28", "Depression", "CLN85543"),
    ("PT142001", "3", "2020-12-2", "Headach", "CLN06624"),
    ("PT898684", "4", "2020-1-4", "Chickenpox", "CLN21797"),
    ("PT310604", "5", "2019-2-12", "Nose problem", "CLN29419"),
    ("PT187381", "6", "2019-6-29", "Anxiety", "CLN85543"),
    ("PT426888", "7", "2020-4-5", "Insomnia", "CLN06624"),
    ("PT964730", "8", "2019-12-6", "Cough", "CLN29419"),
    ("PT190388", "9", "2019-4-4", "Epilepsy", "CLN06624"),
    ("PT853394", "10", "2020-6-8", "Cancer", "CLN22247"),
    ("PT592778", "11", "2020-5-19", "Alergy", "CLN21797"),
    ("PT415951", "12", "2020-4-9", "Insomnia", "CLN06624"),
    ("PT946163", "13", "2018-5-4", "Cancer", "CLN22247"),
    ("PT083401", "14", "2018-4-9", "Epilepsy", "CLN06624"),
    ("PT563653", "15", "2018-2-3", "Cough", "CLN29419"),
    ("PT341587", "16", "2020-8-10", "Substance Abuse", "CLN85543"),
    ("PT825606", "17", "2020-11-27", "Alergy", "CLN21797"),
    ("PT094544", "18", "2020-9-26", "Insomnia", "CLN06624"),
    ("PT061062", "19", "2019-10-17", "Cancer", "CLN22247"),
    ("PT213206", "20", "2020-4-29", "Cataract", "CLN28874"),
    ("PT455041", "21", "2020-6-20", "Stroke", "CLN06624"),
    ("PT307417", "22", "2020-4-5", "Stress", "CLN85543"),
    ("PT522021", "23", "2020-2-27", "Cough", "CLN29419"),
    ("PT521293", "24", "2019-1-9", "Insomnia", "CLN06624"),
    ("PT949001", "25", "2020-2-19", "Cough", "CLN29419"),
    ("PT298650", "26", "2019-5-28", "Stress", "CLN85543"),
    ("PT697827", "27", "2018-2-19", "Long Sighted", "CLN28874"),
    ("PT510957", "28", "2019-10-15", "Cough", "CLN29419"),
    ("PT237936", "29", "2020-9-30", "Astigmatism", "CLN28874"),
    ("PT157063", "30", "2020-8-3", "Short Sighted", "CLN28874"),
    ("PT308815", "31", "2019-9-4", "Acne", "CLN21797"),
    ("PT140145", "32", "2020-2-10", "Depression", "CLN85543"),
    ("PT030684", "33", "2019-10-2", "Blister", "CLN21797"),
    ("PT595537", "34", "2019-8-24", "Epilepsy", "CLN06624"),
    ("PT212310", "35", "2020-3-3", "Headach", "CLN06624"),
    ("PT532371", "36", "2020-7-15", "Long Sighted", "CLN28874"),
    ("PT391607", "37", "2019-5-15", "Short Sighted", "CLN28874"),
    ("PT339093", "38", "2020-3-24", "Short Sighted", "CLN28874"),
    ("PT941129", "39", "2020-3-27", "Cancer", "CLN22247"),
    ("PT759287", "40", "2018-1-25", "Alergy", "CLN21797"),
    ("PT184331", "41", "2020-6-2", "Cough", "CLN29419"),
    ("PT316853", "42", "2020-7-21", "Chickenpox", "CLN21797"),
    ("PT753771", "43", "2019-6-5", "Acne", "CLN21797"),
    ("PT718043", "44", "2019-1-18", "Long Sighted", "CLN28874"),
    ("PT822677", "45", "2019-3-28", "Cancer", "CLN22247"),
    ("PT829829", "46", "2019-9-8", "Cancer", "CLN22247"),
    ("PT254477", "47", "2020-2-7", "Epilepsy", "CLN06624"),
    ("PT784510", "48", "2020-4-21", "Stress", "CLN85543"),
    ("PT197830", "49", "2019-3-19", "Cataract", "CLN28874"),
    ("PT876164", "50", "2020-7-19", "Substance Abuse", "CLN85543"),
    ("PT910601", "51", "2020-3-7", "Cough", "CLN29419"),
    ("PT638473", "52", "2020-5-29", "Cancer", "CLN22247"),
    ("PT965500", "53", "2020-6-12", "Cancer", "CLN22247"),
    ("PT220818", "54", "2020-9-11", "Fever", "CLN29419"),
    ("PT001717", "55", "2019-1-6", "Cancer", "CLN22247"),
    ("PT668266", "56", "2020-1-27", "Substance Abuse", "CLN85543"),
    ("PT341632", "57", "2019-5-2", "Cancer", "CLN22247"),
    ("PT961975", "58", "2020-11-24", "Stroke", "CLN06624"),
    ("PT968114", "59", "2019-4-26", "Cancer", "CLN22247"),
    ("PT690481", "60", "2020-2-17", "Chickenpox", "CLN21797"),
    ("PT191719", "61", "2020-9-22", "Alergy", "CLN21797"),
    ("PT681292", "62", "2020-1-1", "Cancer", "CLN22247"),
    ("PT362725", "63", "2019-7-26", "Short Sighted", "CLN28874"),
    ("PT287289", "64", "2020-11-17", "Short Sighted", "CLN28874"),
    ("PT709995", "65", "2020-7-7", "Common Cold", "CLN29419"),
    ("PT217719", "66", "2020-2-14", "Acne", "CLN21797"),
    ("PT851571", "67", "2020-7-11", "Cancer", "CLN22247"),
    ("PT800759", "68", "2018-8-14", "Acne", "CLN21797"),
    ("PT625389", "69", "2019-5-24", "Substance Abuse", "CLN85543");
INSERT INTO patient_appointment VALUES
    ("APM68233", "2020-7-6", "CON53327", "10:49:21", "PT793304", "SF752059", "Cancer"),
    ("APM26249", "2020-9-14", "CON24561", "10:05:31", "PT793304", "SF943500", "Cancer"),
    ("APM58894", "2019-8-18", "CON99630", "08:40:30", "PT092961", "SF638678", "Depression"),
    ("APM88070", "2019-9-8", "CON32634", "17:29:53", "PT092961", "SF143989", "Cancer"),
    ("APM07865", "2019-5-28", "CON69678", "17:19:32", "PT092961", "SF464318", "Blister"),
    ("APM63747", "2019-11-10", "CON22466", "12:08:13", "PT781238", "SF333071", "Cancer"),
    ("APM77740", "2020-12-30", "CON37064", "18:40:13", "PT781238", "SF153583", "Fever"),
    ("APM25021", "2019-3-28", "CON97737", "10:28:07", "PT671712", "SF337578", "Depression"),
    ("APM06520", "2019-3-30", "CON17160", "16:48:54", "PT671712", "SF401559", "Alergy"),
    ("APM92885", "2018-5-12", "CON25148", "18:03:08", "PT142001", "SF333071", "Stroke"),
    ("APM84742", "2020-12-14", "CON98124", "16:14:58", "PT142001", "SF654621", "Cancer"),
    ("APM64156", "2020-12-2", "CON11864", "10:06:22", "PT142001", "SF075711", "Headach"),
    ("APM38221", "2019-3-10", "CON68332", "12:16:30", "PT898684", "SF796164", "Chickenpox"),
    ("APM83305", "2020-1-4", "CON04706", "16:52:24", "PT898684", "SF401383", "Chickenpox"),
    ("APM77093", "2020-11-1", "CON44906", "15:32:58", "PT898684", "SF260230", "Cough"),
    ("APM77741", "2019-10-25", "CON91488", "14:01:03", "PT725408", "SF590220", "Stroke"),
    ("APM81932", "2019-2-12", "CON89435", "12:44:02", "PT310604", "SF120109", "Nose problem"),
    ("APM68967", "2019-9-5", "CON60942", "16:00:31", "PT310604", "SF659008", "Headach"),
    ("APM30152", "2018-6-29", "CON44683", "15:59:56", "PT419770", "SF401383", "Pregnancy"),
    ("APM89974", "2018-10-2", "CON13616", "17:08:37", "PT223103", "SF048623", "Cough"),
    ("APM08970", "2019-6-29", "CON80230", "15:43:12", "PT187381", "SF630902", "Anxiety"),
    ("APM50701", "2019-11-12", "CON85298", "14:43:18", "PT187381", "SF515337", "Acne"),
    ("APM93308", "2018-2-24", "CON73340", "09:19:11", "PT426888", "SF401559", "Acne"),
    ("APM22803", "2020-4-5", "CON52753", "08:53:07", "PT426888", "SF627758", "Insomnia"),
    ("APM34176", "2020-2-22", "CON20416", "16:12:32", "PT426888", "SF271612", "Stress"),
    ("APM57594", "2019-12-6", "CON66316", "17:35:45", "PT964730", "SF401559", "Cough"),
    ("APM57133", "2019-4-11", "CON27478", "11:42:38", "PT964730", "SF487606", "Cough"),
    ("APM85622", "2020-11-25", "CON08951", "17:03:14", "PT964730", "SF628748", "Cough"),
    ("APM30005", "2018-8-11", "CON17542", "10:59:41", "PT482729", "SF752059", "Alergy"),
    ("APM27975", "2018-10-19", "CON08783", "17:06:10", "PT190388", "SF530975", "Cough"),
    ("APM81057", "2019-4-26", "CON71130", "13:27:44", "PT190388", "SF006280", "Acne"),
    ("APM95205", "2019-4-4", "CON84397", "12:35:25", "PT190388", "SF628748", "Epilepsy"),
    ("APM62883", "2020-11-21", "CON38905", "09:40:54", "PT853394", "SF028649", "Insomnia"),
    ("APM71406", "2020-5-26", "CON66104", "19:58:19", "PT853394", "SF038312", "Chickenpox"),
    ("APM31654", "2020-6-8", "CON52820", "14:39:02", "PT853394", "SF054397", "Cancer"),
    ("APM29033", "2019-4-26", "CON94009", "09:23:57", "PT303977", "SF628748", "Cataract"),
    ("APM37908", "2019-7-2", "CON14412", "12:22:19", "PT592778", "SF316487", "Nose problem"),
    ("APM04616", "2020-7-26", "CON01322", "13:38:19", "PT592778", "SF340758", "Cancer"),
    ("APM36202", "2020-5-19", "CON65203", "19:40:15", "PT592778", "SF267361", "Alergy"),
    ("APM20867", "2018-3-13", "CON57614", "10:00:42", "PT649464", "SF783448", "Substance Abuse"),
    ("APM60956", "2018-4-27", "CON79445", "12:30:39", "PT415951", "SF590220", "Cough"),
    ("APM49067", "2018-3-27", "CON31412", "14:01:23", "PT415951", "SF054397", "Cataract"),
    ("APM18603", "2020-4-9", "CON79983", "12:52:56", "PT415951", "SF630902", "Insomnia"),
    ("APM15300", "2018-5-4", "CON53185", "08:31:49", "PT946163", "SF487606", "Cancer"),
    ("APM81589", "2019-7-30", "CON23772", "14:22:01", "PT946163", "SF487606", "Blister"),
    ("APM73334", "2020-8-27", "CON44601", "19:51:11", "PT045199", "SF131941", "Cancer"),
    ("APM79886", "2020-8-29", "CON52523", "15:05:14", "PT045199", "SF267361", "Long Sighted"),
    ("APM01962", "2019-4-5", "CON32921", "14:23:40", "PT394377", "SF153583", "Headach"),
    ("APM69057", "2018-1-30", "CON72704", "12:28:12", "PT756421", "SF782869", "Acne"),
    ("APM25033", "2020-11-29", "CON83839", "17:34:34", "PT341831", "SF943500", "Headach"),
    ("APM43838", "2018-12-24", "CON96032", "11:33:21", "PT083401", "SF072000", "Acne"),
    ("APM05770", "2018-5-18", "CON88774", "14:42:07", "PT083401", "SF333071", "Headach"),
    ("APM36741", "2018-4-9", "CON85340", "13:46:15", "PT083401", "SF630902", "Epilepsy"),
    ("APM58739", "2018-9-25", "CON29852", "11:35:07", "PT626471", "SF028649", "Cancer"),
    ("APM66019", "2018-7-28", "CON12588", "13:12:28", "PT563653", "SF528378", "Cancer"),
    ("APM41620", "2018-2-3", "CON68387", "19:04:19", "PT563653", "SF943500", "Cough"),
    ("APM23823", "2020-10-7", "CON40654", "14:56:13", "PT563653", "SF028649", "Menstrual Disorder"),
    ("APM41470", "2018-1-2", "CON02176", "18:40:20", "PT997491", "SF943500", "Astigmatism"),
    ("APM95663", "2019-1-17", "CON56449", "11:41:25", "PT341587", "SF213172", "Cancer"),
    ("APM12320", "2020-8-10", "CON21110", "16:14:19", "PT341587", "SF007459", "Substance Abuse"),
    ("APM36667", "2020-7-25", "CON39973", "15:53:29", "PT341587", "SF002786", "Depression"),
    ("APM01853", "2020-12-7", "CON32297", "13:49:27", "PT825606", "SF943500", "Menstrual Disorder"),
    ("APM43258", "2020-11-27", "CON73154", "08:15:12", "PT825606", "SF143989", "Alergy"),
    ("APM86740", "2020-12-28", "CON44570", "09:55:01", "PT825606", "SF006280", "Pregnancy"),
    ("APM06763", "2020-2-17", "CON40449", "15:17:48", "PT770659", "SF333071", "Abortion"),
    ("APM57561", "2019-8-1", "CON19386", "15:16:04", "PT094544", "SF038312", "Common Cold"),
    ("APM18066", "2020-2-1", "CON29657", "19:00:45", "PT094544", "SF038312", "Chickenpox"),
    ("APM15478", "2020-9-26", "CON40915", "09:17:43", "PT094544", "SF266671", "Insomnia"),
    ("APM00543", "2018-5-29", "CON25869", "11:55:29", "PT061062", "SF340758", "Anxiety"),
    ("APM18332", "2019-10-17", "CON17672", "12:44:15", "PT061062", "SF654621", "Cancer"),
    ("APM48672", "2019-4-17", "CON82571", "18:30:10", "PT061062", "SF546599", "Short Sighted"),
    ("APM29173", "2018-11-7", "CON88585", "16:25:22", "PT658536", "SF006280", "Acne"),
    ("APM64551", "2020-5-21", "CON09653", "10:07:50", "PT982061", "SF546599", "Menstrual Disorder"),
    ("APM22998", "2020-11-4", "CON86910", "11:58:37", "PT213206", "SF530975", "Acne"),
    ("APM21023", "2020-3-10", "CON05374", "12:37:52", "PT213206", "SF333071", "Cataract"),
    ("APM88553", "2020-4-29", "CON37607", "10:21:41", "PT213206", "SF213172", "Cataract"),
    ("APM17568", "2019-5-9", "CON86639", "16:25:06", "PT455041", "SF267361", "Cataract"),
    ("APM50534", "2019-8-20", "CON63654", "14:46:59", "PT455041", "SF676888", "Blister"),
    ("APM55144", "2020-6-20", "CON73764", "15:00:27", "PT455041", "SF284751", "Stroke"),
    ("APM98053", "2020-1-6", "CON17552", "15:03:24", "PT307417", "SF675228", "Stress"),
    ("APM67538", "2020-4-5", "CON52891", "08:47:44", "PT307417", "SF675228", "Stress"),
    ("APM35138", "2020-9-7", "CON27649", "14:10:16", "PT307417", "SF028649", "Astigmatism"),
    ("APM38978", "2019-10-8", "CON58891", "09:47:17", "PT680493", "SF828986", "Long Sighted"),
    ("APM13189", "2019-8-7", "CON39871", "14:34:13", "PT522021", "SF366323", "Acne"),
    ("APM38616", "2020-8-9", "CON36249", "13:15:32", "PT522021", "SF678145", "Insomnia"),
    ("APM23279", "2020-2-27", "CON02458", "17:07:07", "PT522021", "SF266671", "Cough"),
    ("APM11915", "2018-8-8", "CON84979", "19:33:09", "PT521293", "SF216324", "Stroke"),
    ("APM59607", "2019-1-9", "CON93290", "18:26:39", "PT521293", "SF023492", "Insomnia"),
    ("APM18619", "2020-7-5", "CON44201", "17:52:03", "PT521293", "SF229821", "Cancer"),
    ("APM33926", "2020-7-17", "CON09937", "19:50:50", "PT949001", "SF546749", "Cancer"),
    ("APM04037", "2020-12-5", "CON86301", "14:03:57", "PT949001", "SF487606", "Cancer"),
    ("APM54029", "2020-2-19", "CON35947", "13:46:34", "PT949001", "SF638678", "Cough"),
    ("APM54625", "2019-3-6", "CON28885", "08:20:56", "PT797020", "SF143989", "Stress"),
    ("APM10823", "2019-5-28", "CON14235", "19:36:26", "PT298650", "SF676888", "Stress"),
    ("APM62651", "2020-7-30", "CON32346", "15:04:34", "PT298650", "SF023492", "Epilepsy"),
    ("APM99236", "2018-2-19", "CON04167", "15:49:10", "PT697827", "SF216324", "Long Sighted"),
    ("APM16218", "2018-1-12", "CON11156", "15:28:11", "PT697827", "SF762927", "Cancer"),
    ("APM27114", "2019-10-26", "CON35337", "12:38:00", "PT510957", "SF849370", "Nose problem"),
    ("APM43646", "2019-10-15", "CON39643", "17:05:37", "PT510957", "SF366323", "Cough"),
    ("APM11685", "2019-10-16", "CON08658", "09:28:45", "PT510957", "SF131941", "Cancer"),
    ("APM36727", "2019-9-18", "CON99920", "08:52:47", "PT237936", "SF515337", "Substance Abuse"),
    ("APM36301", "2020-9-30", "CON66984", "12:59:54", "PT237936", "SF193356", "Astigmatism"),
    ("APM21877", "2020-4-1", "CON90464", "12:33:39", "PT237936", "SF943500", "Cataract"),
    ("APM03223", "2019-2-11", "CON43803", "14:12:44", "PT157063", "SF423758", "Cataract"),
    ("APM22840", "2020-6-29", "CON44611", "13:30:22", "PT157063", "SF392042", "Acne"),
    ("APM88084", "2020-8-3", "CON90212", "10:37:20", "PT157063", "SF103585", "Short Sighted"),
    ("APM67348", "2018-6-20", "CON50456", "08:20:44", "PT622291", "SF857746", "Nose problem"),
    ("APM20487", "2019-7-2", "CON88189", "12:07:30", "PT308815", "SF828986", "Cataract"),
    ("APM71039", "2019-11-24", "CON02759", "17:46:11", "PT308815", "SF862092", "Schizophrenia"),
    ("APM75713", "2019-9-4", "CON35524", "13:21:57", "PT308815", "SF590220", "Acne"),
    ("APM20273", "2020-6-4", "CON92843", "17:08:14", "PT140145", "SF456611", "Acne"),
    ("APM71072", "2020-1-27", "CON07911", "13:11:51", "PT140145", "SF762927", "Astigmatism"),
    ("APM91537", "2020-2-10", "CON78887", "10:00:57", "PT140145", "SF693364", "Depression"),
    ("APM19624", "2019-5-1", "CON67522", "12:39:06", "PT736378", "SF456611", "Chickenpox"),
    ("APM66686", "2018-2-26", "CON81678", "16:32:41", "PT030684", "SF659008", "Blister"),
    ("APM64601", "2019-7-15", "CON14075", "15:40:00", "PT030684", "SF401559", "Cancer"),
    ("APM89941", "2019-10-2", "CON20365", "17:42:23", "PT030684", "SF981284", "Blister"),
    ("APM28168", "2019-8-24", "CON58610", "18:27:35", "PT595537", "SF981284", "Epilepsy"),
    ("APM59939", "2019-4-4", "CON41874", "08:10:43", "PT595537", "SF678145", "Nose problem"),
    ("APM46505", "2020-2-18", "CON23724", "16:34:54", "PT595537", "SF260230", "Pregnancy"),
    ("APM35935", "2019-9-11", "CON13910", "16:34:35", "PT582398", "SF316487", "Short Sighted"),
    ("APM92351", "2020-3-3", "CON59691", "13:10:14", "PT212310", "SF271612", "Headach"),
    ("APM72614", "2020-11-29", "CON19797", "08:21:53", "PT212310", "SF678145", "Astigmatism"),
    ("APM75197", "2020-3-17", "CON48045", "12:29:08", "PT212310", "SF546599", "Menstrual Disorder"),
    ("APM07635", "2020-10-13", "CON40372", "14:45:39", "PT532371", "SF457445", "Headach"),
    ("APM84855", "2020-8-10", "CON38641", "14:50:41", "PT532371", "SF528378", "Schizophrenia"),
    ("APM34726", "2020-7-15", "CON77611", "11:21:43", "PT532371", "SF981284", "Long Sighted"),
    ("APM73076", "2019-2-9", "CON05128", "08:05:51", "PT391607", "SF401383", "Blister"),
    ("APM79685", "2019-5-15", "CON95938", "16:02:53", "PT391607", "SF898310", "Short Sighted"),
    ("APM52749", "2019-8-25", "CON74578", "14:49:22", "PT391607", "SF213172", "Headach"),
    ("APM46744", "2019-5-10", "CON02682", "16:11:10", "PT101811", "SF216324", "Cancer"),
    ("APM34909", "2019-10-20", "CON26243", "17:03:06", "PT339093", "SF337578", "Common Cold"),
    ("APM81462", "2019-9-4", "CON79505", "10:05:10", "PT339093", "SF284751", "Cough"),
    ("APM68767", "2020-3-24", "CON56157", "08:07:26", "PT339093", "SF796164", "Short Sighted"),
    ("APM17609", "2019-1-27", "CON07836", "13:21:08", "PT941129", "SF630902", "Pregnancy"),
    ("APM68356", "2020-3-27", "CON15638", "08:24:45", "PT941129", "SF006280", "Cancer"),
    ("APM12021", "2020-2-16", "CON74798", "11:09:57", "PT941129", "SF546599", "Cancer"),
    ("APM90112", "2018-2-8", "CON36395", "09:18:37", "PT759287", "SF340758", "Alergy"),
    ("APM28702", "2018-1-25", "CON09812", "12:33:32", "PT759287", "SF528378", "Alergy"),
    ("APM15287", "2018-4-13", "CON29444", "18:09:12", "PT759287", "SF038312", "Astigmatism"),
    ("APM00519", "2019-1-11", "CON51063", "09:56:59", "PT184331", "SF075711", "Epilepsy"),
    ("APM69763", "2020-6-2", "CON08699", "15:40:28", "PT184331", "SF260230", "Cough"),
    ("APM86008", "2020-2-6", "CON40400", "18:44:37", "PT184331", "SF939987", "Schizophrenia"),
    ("APM37892", "2019-8-21", "CON10628", "14:00:48", "PT516320", "SF120109", "Common Cold"),
    ("APM10640", "2020-7-3", "CON02812", "14:13:05", "PT316853", "SF783448", "Cancer"),
    ("APM70143", "2020-9-30", "CON01021", "15:39:33", "PT316853", "SF143989", "Chickenpox"),
    ("APM38322", "2020-7-21", "CON16217", "08:17:19", "PT316853", "SF054397", "Chickenpox"),
    ("APM69271", "2019-6-28", "CON62303", "18:01:36", "PT972132", "SF143989", "Pregnancy"),
    ("APM71242", "2019-5-6", "CON04258", "19:21:07", "PT972132", "SF659008", "Anxiety"),
    ("APM26769", "2019-6-5", "CON28956", "16:49:27", "PT753771", "SF456611", "Acne"),
    ("APM80268", "2020-4-10", "CON08351", "16:47:05", "PT753771", "SF456611", "Fever"),
    ("APM01882", "2020-5-5", "CON11955", "15:06:41", "PT753771", "SF260230", "Substance Abuse"),
    ("APM94758", "2019-11-16", "CON11900", "16:05:45", "PT172657", "SF048623", "Acne"),
    ("APM39078", "2019-1-18", "CON77043", "16:31:28", "PT718043", "SF038312", "Long Sighted"),
    ("APM07846", "2019-10-16", "CON35820", "17:54:54", "PT718043", "SF659008", "Cough"),
    ("APM26775", "2019-3-28", "CON72620", "12:46:05", "PT822677", "SF271612", "Cancer"),
    ("APM36505", "2020-2-14", "CON13453", "12:30:57", "PT822677", "SF103585", "Common Cold"),
    ("APM40738", "2018-3-26", "CON33158", "08:53:31", "PT829829", "SF776060", "Fever"),
    ("APM21032", "2019-9-8", "CON24619", "10:06:04", "PT829829", "SF103585", "Cancer"),
    ("APM24585", "2019-6-22", "CON58889", "13:07:08", "PT829829", "SF006280", "Fever"),
    ("APM21661", "2019-7-11", "CON17040", "15:07:08", "PT254477", "SF678145", "Blister"),
    ("APM18438", "2020-2-7", "CON74133", "11:09:04", "PT254477", "SF216324", "Epilepsy"),
    ("APM59039", "2020-7-18", "CON31726", "10:10:39", "PT254477", "SF131941", "Depression"),
    ("APM74347", "2018-12-5", "CON99862", "12:01:42", "PT784510", "SF849370", "Substance Abuse"),
    ("APM45024", "2020-8-25", "CON11962", "14:51:14", "PT784510", "SF216324", "Epilepsy"),
    ("APM37579", "2020-4-21", "CON45750", "15:20:37", "PT784510", "SF054397", "Stress"),
    ("APM16562", "2019-6-13", "CON79502", "10:05:36", "PT094612", "SF857746", "Menstrual Disorder"),
    ("APM63509", "2018-5-8", "CON19628", "15:53:58", "PT197830", "SF796164", "Common Cold"),
    ("APM33256", "2019-3-19", "CON48878", "18:09:24", "PT197830", "SF316487", "Cataract"),
    ("APM33216", "2019-8-18", "CON45685", "09:50:12", "PT197830", "SF006280", "Insomnia"),
    ("APM67611", "2019-5-7", "CON27650", "08:22:53", "PT876164", "SF229821", "Substance Abuse"),
    ("APM46472", "2020-11-21", "CON75674", "18:54:36", "PT876164", "SF075711", "Short Sighted"),
    ("APM64999", "2020-7-19", "CON92922", "10:01:18", "PT876164", "SF401383", "Substance Abuse"),
    ("APM99758", "2020-8-22", "CON35979", "12:03:03", "PT910601", "SF131941", "Short Sighted"),
    ("APM42903", "2020-9-29", "CON47193", "16:52:21", "PT910601", "SF216324", "Anxiety"),
    ("APM16884", "2020-3-7", "CON30252", "08:18:58", "PT910601", "SF528378", "Cough"),
    ("APM98776", "2019-11-19", "CON69506", "17:11:21", "PT638473", "SF337578", "Substance Abuse"),
    ("APM74890", "2019-4-21", "CON26080", "19:55:01", "PT638473", "SF366323", "Depression"),
    ("APM21498", "2020-5-29", "CON78997", "17:33:54", "PT638473", "SF193356", "Cancer"),
    ("APM78424", "2020-10-27", "CON96076", "14:55:19", "PT965500", "SF267361", "Chickenpox"),
    ("APM22188", "2020-6-12", "CON25344", "13:00:09", "PT965500", "SF143989", "Cancer"),
    ("APM91817", "2020-4-8", "CON13159", "08:11:46", "PT965500", "SF752059", "Short Sighted"),
    ("APM26122", "2020-9-12", "CON70070", "19:07:03", "PT220818", "SF783448", "Cancer"),
    ("APM55220", "2020-9-11", "CON18197", "14:34:51", "PT220818", "SF075711", "Fever"),
    ("APM63347", "2020-4-8", "CON45468", "17:20:11", "PT220818", "SF628748", "Nose problem"),
    ("APM29505", "2018-4-6", "CON85419", "14:37:07", "PT001717", "SF316487", "Substance Abuse"),
    ("APM37130", "2019-1-6", "CON67586", "17:24:42", "PT001717", "SF693364", "Cancer"),
    ("APM65066", "2020-8-9", "CON44991", "10:40:38", "PT001717", "SF072000", "Schizophrenia"),
    ("APM89437", "2018-6-13", "CON47256", "13:37:58", "PT372292", "SF153583", "Long Sighted"),
    ("APM76451", "2018-4-3", "CON73099", "10:17:53", "PT668266", "SF216324", "Cough"),
    ("APM30163", "2019-12-21", "CON48336", "15:31:05", "PT668266", "SF654621", "Anxiety"),
    ("APM95519", "2020-1-27", "CON12579", "11:25:21", "PT668266", "SF981284", "Substance Abuse"),
    ("APM32728", "2019-5-21", "CON45302", "15:26:41", "PT272742", "SF023492", "Abortion"),
    ("APM80080", "2018-4-25", "CON42669", "14:56:05", "PT341632", "SF515337", "Substance Abuse"),
    ("APM70931", "2019-5-2", "CON53316", "13:19:48", "PT341632", "SF546749", "Cancer"),
    ("APM61019", "2019-4-28", "CON25740", "08:44:30", "PT341632", "SF337578", "Stress"),
    ("APM32958", "2020-8-23", "CON32680", "10:28:13", "PT961975", "SF392042", "Nose problem"),
    ("APM76337", "2020-11-24", "CON77275", "16:17:18", "PT961975", "SF260230", "Stroke"),
    ("APM06503", "2020-12-20", "CON31182", "08:21:45", "PT961975", "SF939987", "Menstrual Disorder"),
    ("APM12051", "2018-7-4", "CON63557", "09:09:54", "PT793619", "SF316487", "Menstrual Disorder"),
    ("APM87596", "2018-3-29", "CON18334", "08:30:36", "PT968114", "SF752059", "Cancer"),
    ("APM48734", "2019-4-26", "CON10711", "13:26:34", "PT968114", "SF530975", "Cancer"),
    ("APM28113", "2019-6-23", "CON76573", "18:23:01", "PT968114", "SF143989", "Anxiety"),
    ("APM61397", "2020-9-28", "CON68826", "13:51:01", "PT690481", "SF569446", "Depression"),
    ("APM71808", "2020-6-13", "CON23434", "14:27:50", "PT690481", "SF213172", "Menstrual Disorder"),
    ("APM52448", "2020-2-17", "CON15096", "18:02:09", "PT690481", "SF464318", "Chickenpox"),
    ("APM36005", "2020-11-2", "CON60405", "14:32:44", "PT191719", "SF638678", "Common Cold"),
    ("APM21939", "2020-11-10", "CON76595", "08:53:08", "PT191719", "SF528378", "Cancer"),
    ("APM75392", "2020-9-22", "CON45301", "12:31:42", "PT191719", "SF260230", "Alergy"),
    ("APM43551", "2020-5-18", "CON30478", "08:10:53", "PT681292", "SF423758", "Insomnia"),
    ("APM47591", "2020-10-27", "CON56024", "09:23:44", "PT681292", "SF782869", "Headach"),
    ("APM12386", "2020-1-1", "CON68081", "12:39:23", "PT681292", "SF627758", "Cancer"),
    ("APM94474", "2019-7-26", "CON02873", "10:56:51", "PT362725", "SF260230", "Short Sighted"),
    ("APM51885", "2019-9-12", "CON04998", "19:13:26", "PT362725", "SF654621", "Menstrual Disorder"),
    ("APM22234", "2020-9-25", "CON54223", "16:01:36", "PT720879", "SF752059", "Stroke"),
    ("APM77132", "2018-4-25", "CON40022", "19:42:45", "PT287289", "SF546599", "Common Cold"),
    ("APM39011", "2020-5-6", "CON23340", "18:21:50", "PT287289", "SF316487", "Fever"),
    ("APM80600", "2020-11-17", "CON98931", "19:00:35", "PT287289", "SF659008", "Short Sighted"),
    ("APM78876", "2018-3-11", "CON65873", "08:38:43", "PT709995", "SF776060", "Pregnancy"),
    ("APM44440", "2020-7-7", "CON13084", "16:40:03", "PT709995", "SF260230", "Common Cold"),
    ("APM16394", "2020-11-21", "CON77115", "19:51:03", "PT709995", "SF862092", "Schizophrenia"),
    ("APM33750", "2020-2-14", "CON32894", "09:23:42", "PT217719", "SF316487", "Acne"),
    ("APM39147", "2020-9-1", "CON64205", "12:09:59", "PT217719", "SF054397", "Fever"),
    ("APM50738", "2020-7-11", "CON18743", "11:23:30", "PT851571", "SF628748", "Cancer"),
    ("APM82969", "2020-6-22", "CON05397", "16:27:19", "PT851571", "SF627758", "Acne"),
    ("APM93799", "2020-2-26", "CON70093", "14:53:03", "PT851571", "SF849370", "Nose problem"),
    ("APM61177", "2018-8-14", "CON87511", "13:33:09", "PT800759", "SF103585", "Acne"),
    ("APM42534", "2020-8-17", "CON87981", "12:49:39", "PT800759", "SF131941", "Anxiety"),
    ("APM75215", "2020-2-23", "CON77949", "11:33:00", "PT800759", "SF782869", "Cataract"),
    ("APM24777", "2019-5-24", "CON89850", "14:32:35", "PT625389", "SF776060", "Substance Abuse"),
    ("APM13429", "2019-11-21", "CON80898", "16:48:53", "PT625389", "SF546599", "Cough");
INSERT INTO patient_treatment VALUES
    ("PTR31344", "2", "2020-9-14", "14", "DRG00023", "PT793304"),
    ("PTR27265", "4", "2019-5-28", "8", "DRG00024", "PT092961"),
    ("PTR21585", "2", "2020-12-30", "9", "DRG00036", "PT781238"),
    ("PTR90889", "5", "2019-3-30", "14", "DRG00045", "PT671712"),
    ("PTR85028", "3", "2020-11-1", "12", "DRG00022", "PT898684"),
    ("PTR50365", "2", "2019-10-25", "11", "DRG00039", "PT725408"),
    ("PTR57201", "3", "2019-9-5", "7", "DRG00039", "PT310604"),
    ("PTR18634", "1", "2018-6-29", "7", "DRG00021", "PT419770"),
    ("PTR05389", "2", "2018-10-2", "12", "DRG00013", "PT223103"),
    ("PTR45862", "6", "2019-11-12", "10", "DRG00039", "PT187381"),
    ("PTR17181", "2", "2020-2-22", "14", "DRG00046", "PT426888"),
    ("PTR63304", "1", "2020-11-25", "8", "DRG00035", "PT964730"),
    ("PTR61012", "2", "2018-8-11", "8", "DRG00047", "PT482729"),
    ("PTR07765", "1", "2019-4-26", "14", "DRG00023", "PT190388"),
    ("PTR89454", "3", "2019-4-26", "13", "DRG00035", "PT303977"),
    ("PTR30605", "6", "2018-3-13", "10", "DRG00001", "PT649464"),
    ("PTR80994", "3", "2018-4-27", "8", "DRG00002", "PT415951"),
    ("PTR22253", "2", "2019-7-30", "13", "DRG00003", "PT946163"),
    ("PTR00596", "3", "2020-8-29", "9", "DRG00028", "PT045199"),
    ("PTR97246", "2", "2019-4-5", "13", "DRG00050", "PT394377"),
    ("PTR77998", "5", "2018-1-30", "8", "DRG00045", "PT756421"),
    ("PTR05193", "1", "2020-11-29", "8", "DRG00025", "PT341831"),
    ("PTR28371", "6", "2018-9-25", "7", "DRG00044", "PT626471"),
    ("PTR18682", "2", "2020-10-7", "14", "DRG00029", "PT563653"),
    ("PTR67933", "6", "2018-1-2", "13", "DRG00004", "PT997491"),
    ("PTR11106", "2", "2020-7-25", "9", "DRG00031", "PT341587"),
    ("PTR79466", "1", "2020-12-28", "13", "DRG00029", "PT825606"),
    ("PTR80838", "3", "2020-2-17", "10", "DRG00032", "PT770659"),
    ("PTR00644", "5", "2019-4-17", "8", "DRG00002", "PT061062"),
    ("PTR45192", "4", "2018-11-7", "9", "DRG00031", "PT658536"),
    ("PTR86882", "6", "2020-5-21", "7", "DRG00003", "PT982061"),
    ("PTR94763", "4", "2020-3-10", "11", "DRG00028", "PT213206"),
    ("PTR51864", "3", "2020-9-7", "9", "DRG00049", "PT307417"),
    ("PTR87975", "4", "2019-10-8", "8", "DRG00002", "PT680493"),
    ("PTR65718", "3", "2020-7-5", "14", "DRG00007", "PT521293"),
    ("PTR40957", "5", "2020-12-5", "11", "DRG00011", "PT949001"),
    ("PTR72090", "4", "2019-3-6", "11", "DRG00019", "PT797020"),
    ("PTR69586", "1", "2020-7-30", "10", "DRG00033", "PT298650"),
    ("PTR47610", "2", "2018-1-12", "12", "DRG00034", "PT697827"),
    ("PTR20895", "3", "2019-10-16", "9", "DRG00041", "PT510957"),
    ("PTR03721", "6", "2020-4-1", "12", "DRG00034", "PT237936"),
    ("PTR15913", "6", "2020-6-29", "12", "DRG00042", "PT157063"),
    ("PTR96751", "2", "2018-6-20", "7", "DRG00008", "PT622291"),
    ("PTR89963", "4", "2020-1-27", "13", "DRG00047", "PT140145"),
    ("PTR52587", "5", "2019-5-1", "14", "DRG00034", "PT736378"),
    ("PTR32524", "5", "2020-2-18", "11", "DRG00008", "PT595537"),
    ("PTR31751", "5", "2019-9-11", "12", "DRG00026", "PT582398"),
    ("PTR61475", "2", "2020-3-17", "7", "DRG00023", "PT212310"),
    ("PTR87787", "2", "2019-8-25", "14", "DRG00031", "PT391607"),
    ("PTR56462", "5", "2019-5-10", "14", "DRG00026", "PT101811"),
    ("PTR17582", "5", "2019-10-20", "9", "DRG00030", "PT339093"),
    ("PTR36248", "6", "2020-2-16", "8", "DRG00044", "PT941129"),
    ("PTR25818", "3", "2018-4-13", "7", "DRG00015", "PT759287"),
    ("PTR39869", "2", "2020-2-6", "9", "DRG00025", "PT184331"),
    ("PTR29622", "2", "2019-8-21", "7", "DRG00005", "PT516320"),
    ("PTR74759", "3", "2019-5-6", "7", "DRG00012", "PT972132"),
    ("PTR49426", "6", "2020-5-5", "14", "DRG00025", "PT753771"),
    ("PTR68103", "5", "2019-11-16", "13", "DRG00044", "PT172657"),
    ("PTR35014", "3", "2019-10-16", "11", "DRG00007", "PT718043"),
    ("PTR15549", "2", "2020-2-14", "13", "DRG00033", "PT822677"),
    ("PTR31631", "1", "2019-6-22", "8", "DRG00025", "PT829829"),
    ("PTR96427", "5", "2020-7-18", "14", "DRG00041", "PT254477"),
    ("PTR87293", "4", "2018-12-5", "9", "DRG00014", "PT784510"),
    ("PTR94194", "5", "2019-6-13", "10", "DRG00005", "PT094612"),
    ("PTR72097", "6", "2019-8-18", "10", "DRG00040", "PT197830"),
    ("PTR97762", "3", "2019-4-21", "12", "DRG00028", "PT638473"),
    ("PTR66803", "3", "2020-4-8", "13", "DRG00026", "PT965500"),
    ("PTR90107", "2", "2020-4-8", "10", "DRG00006", "PT220818"),
    ("PTR64364", "2", "2020-8-9", "9", "DRG00028", "PT001717"),
    ("PTR97861", "5", "2018-6-13", "9", "DRG00049", "PT372292"),
    ("PTR88309", "4", "2019-5-21", "7", "DRG00044", "PT272742"),
    ("PTR96114", "1", "2019-4-28", "7", "DRG00017", "PT341632"),
    ("PTR00834", "3", "2020-12-20", "8", "DRG00015", "PT961975"),
    ("PTR56527", "3", "2018-7-4", "14", "DRG00040", "PT793619"),
    ("PTR54010", "4", "2019-6-23", "10", "DRG00014", "PT968114"),
    ("PTR30627", "4", "2020-6-13", "7", "DRG00050", "PT690481"),
    ("PTR28975", "2", "2020-11-10", "7", "DRG00022", "PT191719"),
    ("PTR74885", "3", "2019-9-12", "9", "DRG00046", "PT362725"),
    ("PTR09416", "2", "2020-9-25", "9", "DRG00050", "PT720879"),
    ("PTR56926", "4", "2020-5-6", "7", "DRG00016", "PT287289"),
    ("PTR02028", "3", "2020-11-21", "8", "DRG00034", "PT709995"),
    ("PTR81029", "4", "2020-9-1", "10", "DRG00023", "PT217719"),
    ("PTR12693", "2", "2020-2-26", "7", "DRG00007", "PT851571"),
    ("PTR30074", "5", "2020-2-23", "10", "DRG00046", "PT800759"),
    ("PTR46898", "4", "2019-11-21", "11", "DRG00025", "PT625389"),
    ("PTR59739", "1", "2019-9-8", "11", "DRG00007", "PT092961"),
    ("PTR22386", "4", "2019-11-10", "5", "DRG00031", "PT781238"),
    ("PTR59953", "2", "2019-3-28", "14", "DRG00031", "PT671712"),
    ("PTR98756", "5", "2020-12-2", "10", "DRG00014", "PT142001"),
    ("PTR79242", "1", "2020-1-4", "6", "DRG00044", "PT898684"),
    ("PTR30829", "3", "2019-2-12", "11", "DRG00025", "PT310604"),
    ("PTR26167", "1", "2019-6-29", "5", "DRG00013", "PT187381"),
    ("PTR31579", "2", "2020-4-5", "6", "DRG00001", "PT426888"),
    ("PTR67297", "5", "2019-12-6", "9", "DRG00011", "PT964730"),
    ("PTR20491", "5", "2019-4-4", "9", "DRG00019", "PT190388"),
    ("PTR02068", "1", "2020-6-8", "12", "DRG00009", "PT853394"),
    ("PTR62655", "6", "2020-5-19", "11", "DRG00031", "PT592778"),
    ("PTR49173", "4", "2020-4-9", "12", "DRG00031", "PT415951"),
    ("PTR40000", "1", "2018-5-4", "9", "DRG00022", "PT946163"),
    ("PTR08631", "3", "2018-4-9", "13", "DRG00021", "PT083401"),
    ("PTR02760", "1", "2018-2-3", "11", "DRG00045", "PT563653"),
    ("PTR95689", "2", "2020-8-10", "5", "DRG00020", "PT341587"),
    ("PTR95126", "6", "2020-11-27", "10", "DRG00036", "PT825606"),
    ("PTR57110", "6", "2020-9-26", "6", "DRG00050", "PT094544"),
    ("PTR92253", "4", "2019-10-17", "6", "DRG00035", "PT061062"),
    ("PTR33750", "6", "2020-4-29", "8", "DRG00035", "PT213206"),
    ("PTR42558", "6", "2020-6-20", "12", "DRG00050", "PT455041"),
    ("PTR22227", "6", "2020-4-5", "5", "DRG00048", "PT307417"),
    ("PTR84408", "3", "2020-2-27", "12", "DRG00037", "PT522021"),
    ("PTR27776", "4", "2019-1-9", "5", "DRG00007", "PT521293"),
    ("PTR14001", "6", "2020-2-19", "12", "DRG00003", "PT949001"),
    ("PTR74423", "2", "2019-5-28", "13", "DRG00015", "PT298650"),
    ("PTR98957", "4", "2018-2-19", "13", "DRG00030", "PT697827"),
    ("PTR41175", "2", "2019-10-15", "12", "DRG00034", "PT510957"),
    ("PTR73102", "5", "2020-9-30", "7", "DRG00042", "PT237936"),
    ("PTR55726", "3", "2020-8-3", "5", "DRG00030", "PT157063"),
    ("PTR21884", "3", "2019-9-4", "6", "DRG00010", "PT308815"),
    ("PTR81889", "6", "2020-2-10", "5", "DRG00011", "PT140145"),
    ("PTR90410", "4", "2019-10-2", "14", "DRG00033", "PT030684"),
    ("PTR91831", "2", "2019-8-24", "5", "DRG00034", "PT595537"),
    ("PTR86683", "5", "2020-3-3", "13", "DRG00011", "PT212310"),
    ("PTR90548", "5", "2020-7-15", "12", "DRG00020", "PT532371"),
    ("PTR38771", "3", "2019-5-15", "11", "DRG00002", "PT391607"),
    ("PTR19639", "5", "2020-3-24", "10", "DRG00039", "PT339093"),
    ("PTR56426", "6", "2020-3-27", "9", "DRG00046", "PT941129"),
    ("PTR12815", "5", "2018-1-25", "13", "DRG00040", "PT759287"),
    ("PTR01144", "4", "2020-6-2", "5", "DRG00002", "PT184331"),
    ("PTR39153", "3", "2020-7-21", "12", "DRG00049", "PT316853"),
    ("PTR33900", "4", "2019-6-5", "14", "DRG00028", "PT753771"),
    ("PTR37621", "5", "2019-1-18", "11", "DRG00030", "PT718043"),
    ("PTR17045", "1", "2019-3-28", "8", "DRG00009", "PT822677"),
    ("PTR53460", "1", "2019-9-8", "10", "DRG00010", "PT829829"),
    ("PTR23758", "4", "2020-2-7", "7", "DRG00007", "PT254477"),
    ("PTR11350", "2", "2020-4-21", "10", "DRG00021", "PT784510"),
    ("PTR05638", "2", "2019-3-19", "14", "DRG00037", "PT197830"),
    ("PTR19165", "1", "2020-7-19", "8", "DRG00042", "PT876164"),
    ("PTR98413", "2", "2020-3-7", "13", "DRG00049", "PT910601"),
    ("PTR89488", "5", "2020-5-29", "8", "DRG00035", "PT638473"),
    ("PTR95564", "6", "2020-6-12", "13", "DRG00048", "PT965500"),
    ("PTR36211", "3", "2020-9-11", "6", "DRG00049", "PT220818"),
    ("PTR86197", "3", "2019-1-6", "9", "DRG00005", "PT001717"),
    ("PTR24344", "3", "2020-1-27", "8", "DRG00007", "PT668266"),
    ("PTR08580", "1", "2019-5-2", "7", "DRG00049", "PT341632"),
    ("PTR08018", "6", "2020-11-24", "12", "DRG00009", "PT961975"),
    ("PTR86626", "3", "2019-4-26", "11", "DRG00040", "PT968114"),
    ("PTR60394", "2", "2020-2-17", "13", "DRG00002", "PT690481"),
    ("PTR61973", "2", "2020-9-22", "11", "DRG00005", "PT191719"),
    ("PTR09652", "6", "2020-1-1", "14", "DRG00015", "PT681292"),
    ("PTR95994", "1", "2019-7-26", "14", "DRG00043", "PT362725"),
    ("PTR36310", "4", "2020-11-17", "9", "DRG00029", "PT287289"),
    ("PTR14204", "3", "2020-7-7", "13", "DRG00042", "PT709995"),
    ("PTR86811", "1", "2020-2-14", "12", "DRG00012", "PT217719"),
    ("PTR22874", "2", "2020-7-11", "8", "DRG00037", "PT851571"),
    ("PTR18916", "5", "2018-8-14", "10", "DRG00016", "PT800759"),
    ("PTR80765", "1", "2019-5-24", "8", "DRG00042", "PT625389");
